"","identified_name","isomer","feature","feature_mode","feature_mz","feature_rt","library_mode","library_mz","library_rt","adduct","kegg_id","mz_error_ppm","rt_error_sec","rt_error_abs_sec","unique_match","MMD"
"1","3-HYDROXYBUTANOIC ACID",NA,"C18_103.0401_55.4","C18",103.0401,55.4,"C18",103.040024,63.533898,"M-H","C01089",0.737577467886261,-8.133898,8.133898,TRUE,""
"2","m-Cresol",NA,"C18_107.0503_138.1","C18",107.0503,138.1,"C18",107.050239,136.9,"M-H","C01467",0.569825911253672,1.19999999999999,1.19999999999999,TRUE,""
"3","FORMATE",NA,"C18_112.9857_50.6","C18",112.9857,50.6,"C18",112.985664,52.425714,"M-H+HCOONa","C00058",0.318624493762092,-1.825714,1.825714,TRUE,""
"4","Levulinic acid",NA,"C18_115.0402_58.3","C18",115.0402,58.3,"C18",115.040068,59.6,"M-H",NA,1.14742630362129,-1.3,1.3,TRUE,""
"5","Isocaproic acid",NA,"C18_115.0765_153.3","C18",115.0765,153.3,"C18",115.076454,149.3,"M-H",NA,0.399734249697579,4,4,TRUE,""
"6","SALICYLAMIDE",NA,"C18_118.0298_146.2","C18",118.0298,146.2,"C18",118.02931,150.46866,"M-H2O-H",NA,4.15151117971641,-4.26866000000001,4.26866000000001,TRUE,""
"7","3-HYDROXYBENZALDEHYDE","yes","C18_121.0295_142.5","C18",121.0295,142.5,"C18",121.029524,145.47027,"M-H","C03067",-0.198298722518724,-2.97027,2.97027,FALSE,""
"8","4-HYDROXYBENZALDEHYDE","yes","C18_121.0295_142.5","C18",121.0295,142.5,"C18",121.029524,145.47027,"M-H","C00633",-0.198298722518724,-2.97027,2.97027,FALSE,""
"9","GLUTARATE",NA,"C18_131.0351_49.4","C18",131.0351,49.4,"C18",131.035024,36.5722704,"M-H","C00489",0.57999760435859,12.8277296,12.8277296,TRUE,""
"10","PYRUVIC ALDEHYDE",NA,"C18_131.035_176.5","C18",131.035,176.5,"C18",131.034951,164.68122,"M+Hac-H","C00546",0.373946032077913,11.81878,11.81878,TRUE,""
"11","PRENOL","yes","C18_131.0714_132.4","C18",131.0714,132.4,"C18",131.071401,127.711572,"M+FA-H","C01390",-0.00762942937853577,4.688428,4.688428,FALSE,""
"12","3-METHYLBUTANAL","yes","C18_131.0714_132.4","C18",131.0714,132.4,"C18",131.071401,127.711572,"M+FA-H","C07329",-0.00762942937853577,4.688428,4.688428,FALSE,""
"13","2-METHYLPROPANAL OXIME","yes","C18_131.0714_132.4","C18",131.0714,132.4,"C18",131.071351,127.711572,"M+Hac-H","C03219",0.373842183242587,4.688428,4.688428,FALSE,""
"14","BUTANAL","yes","C18_131.0714_132.4","C18",131.0714,132.4,"C18",131.071351,127.711572,"M+Hac-H","C01412",0.373842183242587,4.688428,4.688428,FALSE,""
"15","D-ASPARTATE",NA,"C18_132.0302_14.4","C18",132.0302,14.4,"C18",132.030224,41.5930044,"M-H","C00402",-0.181776560465801,-27.1930044,27.1930044,TRUE,""
"16","ADENINE",NA,"C18_134.0473_58.5","C18",134.0473,58.5,"C18",134.047224,61.399488,"M-H","C00147",0.566964370758401,-2.899488,2.899488,TRUE,""
"17","SALICYLAMIDE",NA,"C18_136.0404_141.9","C18",136.0404,141.9,"C18",136.040424,142.87515,"M-H",NA,-0.176418150506861,-0.975149999999985,0.975149999999985,TRUE,""
"18","6-HYDROXYNICOTINATE",NA,"C18_138.0197_154.9","C18",138.0197,154.9,"C18",138.019624,155.066244,"M-H","C01020",0.550646334227591,-0.166244000000006,0.166244000000006,TRUE,""
"19","4-ACETAMIDOBUTANOATE",NA,"C18_144.0667_57.6","C18",144.0667,57.6,"C18",144.066624,47.157576,"M-H","C02946",0.527533705565769,10.442424,10.442424,TRUE,""
"20","PRENOL","yes","C18_145.0871_136.6","C18",145.0871,136.6,"C18",145.087051,131.719536,"M+Hac-H","C01390",0.337728278659229,4.88046399999999,4.88046399999999,FALSE,""
"21","3-METHYLBUTANAL","yes","C18_145.0871_136.6","C18",145.0871,136.6,"C18",145.087051,131.719536,"M+Hac-H","C07329",0.337728278659229,4.88046399999999,4.88046399999999,FALSE,""
"22","2-METHYLBUTANAL","yes","C18_145.0871_136.6","C18",145.0871,136.6,"C18",145.087051,131.719536,"M+Hac-H","C02223",0.337728278659229,4.88046399999999,4.88046399999999,FALSE,""
"23","Citramalic acid",NA,"C18_147.0298_14.5","C18",147.0298,14.5,"C18",147.029897,41.9,"M-H","C00815",-0.659729769183569,-27.4,27.4,TRUE,""
"24","(RS)-MEVALONIC ACID LITHIUM SALT",NA,"C18_147.0664_58.1","C18",147.0664,58.1,"C18",147.066324,61.343928,"M-H","C00418",0.516773642745356,-3.243928,3.243928,TRUE,""
"25","PYRIDOXINE",NA,"C18_150.056_62.5","C18",150.056,62.5,"C18",150.05551,65.624586,"M-H2O-H","C00314",3.26545822951403,-3.12458599999999,3.12458599999999,TRUE,""
"26","RESORCINOL MONOACETATE",NA,"C18_151.0401_140.4","C18",151.0401,140.4,"C18",151.040124,157.635456,"M-H","C12064",-0.158898174608551,-17.235456,17.235456,FALSE,""
"27","2',4'-DIHYDROXYACETOPHENONE","yes -but different RT","C18_151.0401_140.4","C18",151.0401,140.4,"C18",151.040024,157.635456,"M-H","C03663",0.503177886194393,-17.235456,17.235456,FALSE,""
"28","4-HYDROXYPHENYLACETATE","yes","C18_151.0401_59.5","C18",151.0401,59.5,"C18",151.040024,63.656274,"M-H","C00642",0.503177886194393,-4.156274,4.156274,FALSE,""
"29","MANDELIC ACID","yes","C18_151.0401_59.5","C18",151.0401,59.5,"C18",151.040024,63.656274,"M-H","C01984",0.503177886194393,-4.156274,4.156274,FALSE,""
"30","2-HYDROXYPHENYLACETIC ACID","yes -but different RT","C18_151.0401_59.5","C18",151.0401,59.5,"C18",151.040024,63.656274,"M-H","C05852",0.503177886194393,-4.156274,4.156274,FALSE,""
"31","3,4-DIHYDROXYPHENYL GLYCOL",NA,"C18_151.0401_59.5","C18",151.0401,59.5,"C18",151.03951,63.656274,"M-H2O-H","C05576",3.90626267251742,-4.156274,4.156274,FALSE,""
"32","3,5-Dihydroxybenzoic acid",NA,"C18_153.0194_136","C18",153.0194,136,"C18",153.019333,133.3,"M-H",NA,0.437853169843392,2.69999999999999,2.69999999999999,TRUE,""
"33","2,3-DIHYDROXYBENZOATE",NA,"C18_153.0194_58.2","C18",153.0194,58.2,"C18",153.019324,61.64076,"M-H","C00196",0.496669296347491,-3.44076,3.44076,TRUE,""
"34","HYDROQUINONE",NA,"C18_155.0351_203.1","C18",155.0351,203.1,"C18",155.035001,175.788132,"M+FA-H","C00530",0.638565481131867,27.311868,27.311868,TRUE,""
"35","Levulinic acid",NA,"C18_156.0667_58.5","C18",156.0667,58.5,"C18",156.066618,60.1,"M+C2H3N-H",NA,0.525416652470305,-1.6,1.6,TRUE,""
"36","Erythronic acid",NA,"C18_157.0119_49.2","C18",157.0119,49.2,"C18",157.011841,48.8,"M+Na-2H",NA,0.375767837746377,0.400000000000006,0.400000000000006,TRUE,""
"37","ALLANTOIN",NA,"C18_157.0368_51.3","C18",157.0368,51.3,"C18",157.036724,50.390334,"M-H","C01551",0.483963228926442,0.909665999999994,0.909665999999994,TRUE,""
"38","INDOLE-3-ACETALDEHYDE",NA,"C18_158.0611_158.5","C18",158.0611,158.5,"C18",158.061124,154.88763,"M-H","C00637",-0.151839993218378,3.61237,3.61237,TRUE,""
"39","ALPHA-AMINOADIPATE","yes","C18_160.0615_15.9","C18",160.0615,15.9,"C18",160.061524,40.277292,"M-H","C00956",-0.149942343396963,-24.377292,24.377292,FALSE,""
"40","N-METHYL-L-GLUTAMATE","yes","C18_160.0615_15.9","C18",160.0615,15.9,"C18",160.061524,40.277292,"M-H","C01046",-0.149942343396963,-24.377292,24.377292,FALSE,""
"41","ALPHA-AMINOADIPATE","yes","C18_160.0615_55.5","C18",160.0615,55.5,"C18",160.061524,40.277292,"M-H","C00956",-0.149942343396963,15.222708,15.222708,FALSE,""
"42","N-METHYL-L-GLUTAMATE","yes","C18_160.0615_55.5","C18",160.0615,55.5,"C18",160.061524,40.277292,"M-H","C01046",-0.149942343396963,15.222708,15.222708,FALSE,""
"43","4-COUMARATE",NA,"C18_163.0401_58.3","C18",163.0401,58.3,"C18",163.040024,61.524438,"M-H","C00811",0.46614320914888,-3.22443800000001,3.22443800000001,TRUE,""
"44","1,5-Anhydrosorbitol",NA,"C18_163.0613_50.6","C18",163.0613,50.6,"C18",163.061198,54.7,"M-H","C07326",0.625532016502602,-4.1,4.1,FALSE,""
"45","3-Hydroxyisovaleric acid",NA,"C18_163.0613_50.6","C18",163.0613,50.6,"C18",163.061195,54.7,"M+FA-H",NA,0.64393002878886,-4.1,4.1,FALSE,""
"46","6-DEOXY-L-GALACTOSE (FUCOSE)","yes","C18_163.0613_50.6","C18",163.0613,50.6,"C18",163.061224,59.0364576,"M-H","C01019",0.466082604523125,-8.4364576,8.4364576,FALSE,""
"47","L-RHAMNOSE","yes","C18_163.0613_50.6","C18",163.0613,50.6,"C18",163.061224,59.0364576,"M-H","C00507",0.466082604523125,-8.4364576,8.4364576,FALSE,""
"48","4-PYRIDOXATE",NA,"C18_164.0354_59.8","C18",164.0354,59.8,"C18",164.03481,62.251224,"M-H2O-H","C00847",3.59679753350367,-2.451224,2.451224,TRUE,""
"49","DIHYDROXYMANDELIC ACID",NA,"C18_165.0192_133.4","C18",165.0192,133.4,"C18",165.01881,130.9713,"M-H2O-H","C05580",2.36336693986646,2.42869999999999,2.42869999999999,TRUE,""
"50","GLYCOLALDEHYDE DIMER",NA,"C18_165.0409_187.8","C18",165.0409,187.8,"C18",165.040501,189.515562,"M+FA-H",NA,2.41758839539261,-1.71556199999998,1.71556199999998,FALSE,""
"51","GLYCERATE","yes","C18_165.0409_187.8","C18",165.0409,187.8,"C18",165.040451,189.515562,"M+Hac-H","C00258",2.72054515897592,-1.71556199999998,1.71556199999998,FALSE,""
"52","D-GLYCERIC ACID","yes","C18_165.0409_187.8","C18",165.0409,187.8,"C18",165.040451,189.515562,"M+Hac-H","C00258",2.72054515897592,-1.71556199999998,1.71556199999998,FALSE,""
"53","PHENYLACETALDEHYDE",NA,"C18_165.0557_140.1","C18",165.0557,140.1,"C18",165.055701,133.4514,"M+FA-H","C00601",-0.00605856078533902,6.64859999999999,6.64859999999999,FALSE,""
"54","3-(2-HYDROXYPHENYL)PROPANOATE",NA,"C18_165.0557_140.1","C18",165.0557,140.1,"C18",165.055724,133.4514,"M-H","C01198",-0.145405438930729,6.64859999999999,6.64859999999999,FALSE,""
"55","BENZALDEHYDE",NA,"C18_165.0557_140.1","C18",165.0557,140.1,"C18",165.055751,133.4514,"M+Hac-H","C00261",-0.308986507140392,6.64859999999999,6.64859999999999,FALSE,""
"56","4-HYDROXY-3-METHOXYPHENYLGLYCOL",NA,"C18_165.0557_140.1","C18",165.0557,140.1,"C18",165.05521,133.4514,"M-H2O-H","C05594",2.96870362355374,6.64859999999999,6.64859999999999,FALSE,""
"57","4-HYDROXY-L-PHENYLGLYCINE","yes","C18_166.051_58","C18",166.051,58,"C18",166.050924,61.615212,"M-H","C12323",0.457690918833121,-3.615212,3.615212,FALSE,""
"58","PYRIDOXAL","yes","C18_166.051_58","C18",166.051,58,"C18",166.050924,61.615212,"M-H","C00250",0.457690918833121,-3.615212,3.615212,FALSE,""
"59","3,4-DIHYDROXYPHENYLACETATE",NA,"C18_167.0349_133.2","C18",167.0349,133.2,"C18",167.035024,149.63931,"M-H","C01161",-0.742359279090886,-16.43931,16.43931,TRUE,""
"60","N-ACETYL-L-LEUCINE",NA,"C18_172.098_58.3","C18",172.098,58.3,"C18",172.097924,62.262276,"M-H","C02710",0.441609045830619,-3.962276,3.962276,TRUE,""
"61","N-ACETYL-L-ASPARTIC ACID",NA,"C18_174.0406_14.6","C18",174.0406,14.6,"C18",174.040824,39.3615,"M-H","C01042",-1.28705435211262,-24.7615,24.7615,TRUE,""
"62","D-GLUCURONOLACTONE",NA,"C18_175.0247_62.1","C18",175.0247,62.1,"C18",175.024824,57.52185,"M-H","C02670",-0.708470930955308,4.57815,4.57815,TRUE,""
"63","FORMYL-L-METHIONYL PEPTIDE",NA,"C18_176.0387_58.5","C18",176.0387,58.5,"C18",176.038724,61.390998,"M-H","C03145",-0.136333639843068,-2.890998,2.890998,TRUE,""
"64","5-Phenylvaleric acid",NA,"C18_177.0921_161.2","C18",177.0921,161.2,"C18",177.092104,163.1,"M-H",NA,-0.0225871166922421,-1.90000000000001,1.90000000000001,TRUE,""
"65","CAFFEATE",NA,"C18_179.035_59.1","C18",179.035,59.1,"C18",179.035024,61.830066,"M-H","C01481",-0.134051983014504,-2.730066,2.730066,FALSE,""
"66","Vanillylmandelic acid",NA,"C18_179.035_59.1","C18",179.035,59.1,"C18",179.03441,61.830066,"M-H2O-H","C05584",3.29545588464431,-2.730066,2.730066,FALSE,""
"67","chiro-Inositol",NA,"C18_179.056_50.1","C18",179.056,50.1,"C18",179.056112,53.4,"M-H","C19891",-0.625502244801586,-3.3,3.3,TRUE,""
"68","METHYL VANILLATE","yes -but different RT","C18_181.0505_133.3","C18",181.0505,133.3,"C18",181.050624,152.42292,"M-H",NA,-0.684891315257598,-19.12292,19.12292,TRUE,""
"69","3-(4-HYDROXYPHENYL)LACTATE","yes -but different RT","C18_181.0507_58.2","C18",181.0507,58.2,"C18",181.050624,61.805292,"M-H","C03672",0.419772096488717,-3.605292,3.605292,FALSE,""
"70","PHENYLACETIC ACID",NA,"C18_181.0507_58.2","C18",181.0507,58.2,"C18",181.050601,61.805292,"M+FA-H","C07086",0.546808458293074,-3.605292,3.605292,FALSE,""
"71","4-AMINOBENZOATE","yes","C18_182.0457_128.9","C18",182.0457,128.9,"C18",182.045901,128.07696,"M+FA-H","C00568",-1.10411714227882,0.823039999999992,0.823039999999992,FALSE,""
"72","ANTHRANILATE","yes","C18_182.0457_128.9","C18",182.0457,128.9,"C18",182.045901,128.07696,"M+FA-H","C00108",-1.10411714227882,0.823039999999992,0.823039999999992,FALSE,""
"73","SALICYLAMIDE","yes","C18_182.0457_128.9","C18",182.0457,128.9,"C18",182.045901,128.07696,"M+FA-H",NA,-1.10411714227882,0.823039999999992,0.823039999999992,FALSE,""
"74","4-PYRIDOXATE",NA,"C18_182.0459_58.7","C18",182.0459,58.7,"C18",182.045924,61.43442,"M-H","C00847",-0.131834866155372,-2.73442,2.73442,TRUE,""
"75","2-Oxo-4-methylthiobutanoic acid",NA,"C18_182.9886_152.9","C18",182.9886,152.9,"C18",182.988815,153.2,"M+Cl","C01180",-1.17493520025904,-0.299999999999983,0.299999999999983,TRUE,""
"76","5-METHYLCYTOSINE HYDROCLORIDE",NA,"C18_184.0729_48.9","C18",184.0729,48.9,"C18",184.072751,49.514286,"M+Hac-H","C02376",0.80946255860159,-0.614286,0.614286,TRUE,""
"77","4-Hydroxycyclohexylcarboxylic acid",NA,"C18_184.0978_58.3","C18",184.0978,58.3,"C18",184.097918,58.7,"M+C2H3N-H",NA,-0.640963250797305,-0.400000000000006,0.400000000000006,TRUE,""
"78","10-HYDROXYDECANOATE",NA,"C18_187.1339_155.2","C18",187.1339,155.2,"C18",187.134024,139.817808,"M-H","C02774",-0.662626695825068,15.382192,15.382192,TRUE,""
"79","N-ACETYL-DL-GLUTAMIC ACID",NA,"C18_188.0564_19","C18",188.0564,19,"C18",188.056424,39.0211164,"M-H","C00624",-0.127621271774525,-20.0211164,20.0211164,TRUE,""
"80","3-Oxindole-3-acetate",NA,"C18_190.0509_58.4","C18",190.0509,58.4,"C18",190.050967,59.5,"M-H",NA,-0.352537011828893,-1.1,1.1,TRUE,""
"81","QUINATE",NA,"C18_191.056_19.5","C18",191.056,19.5,"C18",191.056124,41.2232136,"M-H","C00296",-0.649023948583658,-21.7232136,21.7232136,FALSE,""
"82","Dimethylmalonic acid","yes","C18_191.056_19.5","C18",191.056,19.5,"C18",191.05611,44.3,"M+Hac-H",NA,-0.575747093239112,-24.8,24.8,FALSE,""
"83","Dimethyl succinate","yes","C18_191.056_19.5","C18",191.056,19.5,"C18",191.05611,44.3,"M+FA-H",NA,-0.575747093239112,-24.8,24.8,FALSE,""
"84","4-METHYL-2-OXO-PENTANOIC ACID",NA,"C18_197.0433_58.4","C18",197.0433,58.4,"C18",197.043164,60.958068,"M-H+HCOONa","C00233",0.69020410166421,-2.558068,2.558068,TRUE,""
"85","1,5-Anhydrosorbitol",NA,"C18_199.0369_53.3","C18",199.0369,53.3,"C18",199.037874,54,"M+Cl","C07326",-4.89354101513943,-0.700000000000003,0.700000000000003,TRUE,""
"86","chiro-Inositol",NA,"C18_201.038_49.2","C18",201.038,49.2,"C18",201.038056,48.1,"M+Na-2H","C19891",-0.278554225577679,1.1,1.1,TRUE,""
"87","N-ACETYL-D-GALACTOSAMINE",NA,"C18_202.072_58.5","C18",202.072,58.5,"C18",202.07151,61.711542,"M-H2O-H","C05021",2.4248841413291,-3.211542,3.211542,TRUE,""
"88","3-Phenylpropionylglycine",NA,"C18_206.0821_132.9","C18",206.0821,132.9,"C18",206.082267,132.2,"M-H",NA,-0.810355992467276,0.700000000000017,0.700000000000017,TRUE,""
"89","N-ACETYL-L-PHENYLALANINE",NA,"C18_206.0821_59.3","C18",206.0821,59.3,"C18",206.082224,62.293638,"M-H","C03519",-0.601701581013455,-2.993638,2.993638,TRUE,""
"90","KYNURENINE","yes","C18_207.0774_58.5","C18",207.0774,58.5,"C18",207.077524,62.454798,"M-H","C00328",-0.598809555012687,-3.954798,3.954798,TRUE,""
"91","Ergothioneine",NA,"C18_210.0699_53.7","C18",210.0699,53.7,"C18",210.070107,54,"M-H-H2O","C05570",-0.985385321945819,-0.299999999999997,0.299999999999997,TRUE,""
"92","1-Deoxy-D-glucitol",NA,"C18_211.0827_56","C18",211.0827,56,"C18",211.082325,54,"M+FA-H",NA,1.77655803246971,2,2,TRUE,""
"93","FORMYL-L-METHIONYL PEPTIDE",NA,"C18_212.016_58.8","C18",212.016,58.8,"C18",212.0154,61.30392,"M+Cl","C03145",2.82998310496075,-2.50392,2.50392,TRUE,""
"94","O-ACETYL-L-SERINE",NA,"C18_214.0342_58.5","C18",214.0342,58.5,"C18",214.033364,50.718,"M-H+HCOONa","C00979",3.90593309551734,7.782,7.782,TRUE,""
"95","chiro-Inositol",NA,"C18_215.0327_50.5","C18",215.0327,50.5,"C18",215.032788,49,"M+Cl","C19891",-0.409239915566714,1.5,1.5,TRUE,""
"96","OMEGA-HYDROXYDODECANOIC ACID",NA,"C18_215.165_168","C18",215.165,168,"C18",215.165224,160.386702,"M-H","C08317",-1.04106042713895,7.61329799999999,7.61329799999999,TRUE,""
"97","D-PANTOTHENIC ACID",NA,"C18_218.1032_58.4","C18",218.1032,58.4,"C18",218.103424,61.625214,"M-H","C00864",-1.02703568744931,-3.225214,3.225214,TRUE,""
"98","L-CYSTATHIONINE",NA,"C18_221.0603_49.8","C18",221.0603,49.8,"C18",221.060124,45.8285022,"M-H","C02291",0.796163490844645,3.97149779999999,3.97149779999999,TRUE,""
"99","1,5-Anhydrosorbitol",NA,"C18_223.0819_53.6","C18",223.0819,53.6,"C18",223.082325,58.1,"M+Hac-H","C07326",-1.90512628020621,-4.5,4.5,TRUE,""
"100","D-(+)-GLUCOSAMINE","yes","C18_224.0773_84","C18",224.0773,84,"C18",224.077601,56.164146,"M+FA-H","C00329",-1.34328464173004,27.835854,27.835854,FALSE,""
"101","D-MANNOSAMINE","yes","C18_224.0773_84","C18",224.0773,84,"C18",224.077601,56.164146,"M+FA-H","C03570",-1.34328464173004,27.835854,27.835854,FALSE,""
"102","Ribonic acid","yes","C18_225.0615_49.2","C18",225.0615,49.2,"C18",225.061589,51.3,"M+Hac-H","C01685",-0.395447310214584,-2.09999999999999,2.09999999999999,FALSE,""
"103","chiro-Inositol","yes","C18_225.0615_49.2","C18",225.0615,49.2,"C18",225.061589,51.3,"M+FA-H","C19891",-0.395447310214584,-2.09999999999999,2.09999999999999,FALSE,""
"104","Levulinic acid",NA,"C18_231.088_54.2","C18",231.088,54.2,"C18",231.087412,60.4,"2M-H",NA,2.54449169214536,-6.2,6.2,TRUE,""
"105","3-Carboxy-4-methyl-5-propyl-2-furanpropionic acid",NA,"C18_239.0923_151.1","C18",239.0923,151.1,"C18",239.092498,148,"M-H",NA,-0.828131378725604,3.09999999999999,3.09999999999999,TRUE,""
"106","METHYL VANILLATE","yes","C18_241.072_147.3","C18",241.072,147.3,"C18",241.071751,141.628662,"M+Hac-H",NA,1.03288750740693,5.67133800000002,5.67133800000002,FALSE,""
"107","HOMOVANILLATE","yes","C18_241.072_147.3","C18",241.072,147.3,"C18",241.071751,141.628662,"M+Hac-H","C05582",1.03288750740693,5.67133800000002,5.67133800000002,FALSE,""
"108","3-(4-HYDROXYPHENYL)LACTATE","yes","C18_241.072_147.3","C18",241.072,147.3,"C18",241.071751,141.628662,"M+Hac-H","C03672",1.03288750740693,5.67133800000002,5.67133800000002,FALSE,""
"109","URIDINE",NA,"C18_243.0619_57.7","C18",243.0619,57.7,"C18",243.062224,61.477992,"M-H","C00299",-1.33299199952102,-3.777992,3.777992,TRUE,""
"110","3-Hydroxytetradecanoic acid",NA,"C18_243.1963_188.7","C18",243.1963,188.7,"C18",243.196569,189.3,"M-H",NA,-1.10610113090436,-0.600000000000023,0.600000000000023,TRUE,""
"111","5-Acetylamino-6-formylamino-3-methyluracil",NA,"C18_247.0441_142.8","C18",247.0441,142.8,"C18",247.044873,140.6,"M+Na-2H","C16365",-3.12898620652395,2.20000000000002,2.20000000000002,TRUE,""
"112","Palmitoleic acid",NA,"C18_253.217_209.8","C18",253.217,209.8,"C18",253.217304,212.5,"M-H","C08362",-1.20054986447474,-2.69999999999999,2.69999999999999,TRUE,""
"113","N-ACETYL-D-GLUCOSAMINE","yes","C18_256.0589_54.8","C18",256.0589,54.8,"C18",256.0593,55.251162,"M+Cl","C00140",-1.56213814539553,-0.451162000000004,0.451162000000004,FALSE,""
"114","N-ACETYL-D-MANNOSAMINE","yes","C18_256.0589_54.8","C18",256.0589,54.8,"C18",256.0593,55.251162,"M+Cl","C00645",-1.56213814539553,-0.451162000000004,0.451162000000004,FALSE,""
"115","N-ACETYL-D-GALACTOSAMINE","yes","C18_256.0589_54.8","C18",256.0589,54.8,"C18",256.0593,55.251162,"M+Cl","C05021",-1.56213814539553,-0.451162000000004,0.451162000000004,FALSE,""
"116","1-METHYLADENOSINE",NA,"C18_262.0953_154.1","C18",262.0953,154.1,"C18",262.09401,146.156886,"M-H2O-H","C02494",4.92189806239043,7.94311400000001,7.94311400000001,TRUE,""
"117","DEOXYCYTIDINE",NA,"C18_272.0887_50.2","C18",272.0887,50.2,"C18",272.088801,61.734432,"M+FA-H","C00881",-0.371202341298763,-11.534432,11.534432,TRUE,""
"118","THYMIDINE",NA,"C18_277.0593_58.3","C18",277.0593,58.3,"C18",277.0597,61.423392,"M+Cl","C00214",-1.44373216318822,-3.123392,3.123392,TRUE,""
"119","URIDINE",NA,"C18_279.0382_58.3","C18",279.0382,58.3,"C18",279.0389,62.243202,"M+Cl","C00299",-2.50861080657505,-3.943202,3.943202,TRUE,""
"120","STEARATE",NA,"C18_283.264_243.6","C18",283.264,243.6,"C18",283.264224,261.2478,"M-H","C01530",-0.790781118913515,-17.6478,17.6478,TRUE,""
"121","DEOXYURIDINE",NA,"C18_287.0882_58.3","C18",287.0882,58.3,"C18",287.088451,61.28013,"M+Hac-H","C00526",-0.874295009688171,-2.98013,2.98013,FALSE,""
"122","THYMIDINE",NA,"C18_287.0882_58.3","C18",287.0882,58.3,"C18",287.088501,61.28013,"M+FA-H","C00214",-1.04845717953662,-2.98013,2.98013,FALSE,""
"123","CARNOSINE",NA,"C18_293.0874_58.9","C18",293.0874,58.9,"C18",293.086764,54.810798,"M-H+HCOONa","C00386",2.17000587575449,4.089202,4.089202,TRUE,""
"124","3-Carboxy-4-methyl-5-propyl-2-furanpropionic acid",NA,"C18_299.1132_153.9","C18",299.1132,153.9,"C18",299.113625,144.9,"M+Hac-H",NA,-1.42086472994001,9,9,TRUE,""
"125","RETINOATE",NA,"C18_299.2011_194","C18",299.2011,194,"C18",299.201624,196.596408,"M-H","C00777",-1.75132739247574,-2.596408,2.596408,TRUE,""
"126","2-Hydroxystearate","yes","C18_299.2587_224.3","C18",299.2587,224.3,"C18",299.259169,196.9,"M-H","C03045",-1.56720344301163,27.4,27.4,FALSE,""
"127","12-Hydroxystearic acid","yes","C18_299.2587_224.3","C18",299.2587,224.3,"C18",299.259169,196.9,"M-H",NA,-1.56720344301163,27.4,27.4,FALSE,""
"128","URIDINE",NA,"C18_311.0491_58.4","C18",311.0491,58.4,"C18",311.049664,61.103754,"M-H+HCOONa","C00299",-1.81321526840525,-2.703754,2.703754,TRUE,""
"129","ARACHIDIC ACID",NA,"C18_311.2952_281.6","C18",311.2952,281.6,"C18",311.295524,297.468396,"M-H","C06425",-1.04081162431936,-15.868396,15.868396,TRUE,""
"130","12-Hydroxystearic acid",NA,"C18_335.2353_193.5","C18",335.2353,193.5,"C18",335.235845,196.5,"M+Cl",NA,-1.6257211396599,-3,3,TRUE,""
"131","ERUCIC ACID",NA,"C18_337.3108_282","C18",337.3108,282,"C18",337.311224,297.565158,"M-H","C08316",-1.25699938170314,-15.565158,15.565158,TRUE,""
"132","PETROSELINIC ACID",NA,"C18_341.2692_182.9","C18",341.2692,182.9,"C18",341.269751,188.243268,"M+Hac-H",NA,-1.61455856652558,-5.343268,5.343268,TRUE,""
"133","THEOPHYLLINE","yes","C18_357.108_166.1","C18",357.108,166.1,"C18",357.107572,158.415684,"2M-3H","C07130",1.19851841169985,7.684316,7.684316,FALSE,""
"134","PARAXANTHINE","yes","C18_357.108_166.1","C18",357.108,166.1,"C18",357.107572,158.415684,"2M-3H","C13747",1.19851841169985,7.684316,7.684316,FALSE,""
"135","THEOBROMINE","yes","C18_357.108_166.1","C18",357.108,166.1,"C18",357.107572,158.415684,"2M-3H","C07480",1.19851841169985,7.684316,7.684316,FALSE,""
"136","CORTISONE",NA,"C18_359.1858_164.8","C18",359.1858,164.8,"C18",359.186424,155.332134,"M-H","C00762",-1.73725942385887,9.46786600000001,9.46786600000001,TRUE,""
"137","2'-DEOXYURIDINE 5'-MONO-PHOS-PHATE",NA,"C18_367.056_48.3","C18",367.056,48.3,"C18",367.054851,49.878795,"M+Hac-H","C00365",3.13032233974771,-1.578795,1.578795,FALSE,""
"138","THYMIDINE 5'-MONOPHOSPHATE",NA,"C18_367.056_48.3","C18",367.056,48.3,"C18",367.054801,49.878795,"M+FA-H","C00364",3.26654220764577,-1.578795,1.578795,FALSE,""
"139","RIBOFLAVIN",NA,"C18_375.1302_134.7","C18",375.1302,134.7,"C18",375.131024,136.169016,"M-H","C00255",-2.19656585914048,-1.46901600000001,1.46901600000001,TRUE,""
"140","SUCROSE","yes","C18_377.085_54.5","C18",377.085,54.5,"C18",377.0856,54.59358,"M+Cl","C00089",-1.59115065656158,-0.0935800000000029,0.0935800000000029,FALSE,""
"141","MELIBIOSE","yes","C18_377.085_54.5","C18",377.085,54.5,"C18",377.0856,54.59358,"M+Cl",NA,-1.59115065656158,-0.0935800000000029,0.0935800000000029,FALSE,""
"142","MALTOSE","yes","C18_377.085_54.5","C18",377.085,54.5,"C18",377.0856,54.59358,"M+Cl","C00208",-1.59115065656158,-0.0935800000000029,0.0935800000000029,FALSE,""
"143","D-(+)-CELLOBIOSE","yes","C18_377.085_54.5","C18",377.085,54.5,"C18",377.0856,54.59358,"M+Cl","C06422",-1.59115065656158,-0.0935800000000029,0.0935800000000029,FALSE,""
"144","PALATINOSE","yes","C18_377.085_54.5","C18",377.085,54.5,"C18",377.0856,54.59358,"M+Cl","C01742",-1.59115065656158,-0.0935800000000029,0.0935800000000029,FALSE,""
"145","ERUCIC ACID",NA,"C18_383.3161_202.3","C18",383.3161,202.3,"C18",383.316701,203.13636,"M+FA-H","C08316",-1.5678941158825,-0.836359999999985,0.836359999999985,TRUE,""
"146","1-OLEOYL-RAC-GLYCEROL",NA,"C18_391.2619_214.2","C18",391.2619,214.2,"C18",391.2621,198.15771,"M+Cl",NA,-0.511166299904325,16.04229,16.04229,TRUE,""
"147","CORTISONE",NA,"C18_405.1911_151.9","C18",405.1911,151.9,"C18",405.191901,152.140158,"M+FA-H","C00762",-1.97684109181439,-0.240158000000008,0.240158000000008,TRUE,""
"148","CORTISOL",NA,"C18_407.2083_151.3","C18",407.2083,151.3,"C18",407.207501,153.490116,"M+FA-H","C00735",1.96214460211793,-2.19011599999999,2.19011599999999,TRUE,""
"149","CHOLATE",NA,"C18_407.2798_192.3","C18",407.2798,192.3,"C18",407.280324,163.116744,"M-H","C00695",-1.28658314459705,29.183256,29.183256,TRUE,""
"150","3-ALPHA,11-BETA,17-ALPHA,21-TETRAHYDROXY- 5-ALPHA-PREGNAN-20-ONE",NA,"C18_411.239_168.8","C18",411.239,168.8,"C18",411.238801,145.82436,"M+FA-H","C05472",0.483903754870447,22.97564,22.97564,TRUE,""
"151","NERVONIC ACID",NA,"C18_411.3475_211.7","C18",411.3475,211.7,"C18",411.348001,215.874936,"M+FA-H","C08323",-1.21794684492864,-4.174936,4.174936,TRUE,""
"152","Tyrosol",NA,"C18_413.1976_176","C18",413.1976,176,"C18",413.196963,176.7,"3M-H","C06044",1.541637662134,-0.699999999999989,0.699999999999989,TRUE,""
"153","RIBOFLAVIN",NA,"C18_421.136_134.4","C18",421.136,134.4,"C18",421.136501,135.888336,"M+FA-H","C00255",-1.18963803611421,-1.488336,1.488336,TRUE,""
"154","Chenodeoxycholic acid glycine conjugate",NA,"C18_448.3064_150.5","C18",448.3064,150.5,"C18",448.306848,147.3,"M-H","C05466",-0.999315540247507,3.19999999999999,3.19999999999999,TRUE,""
"155","Hydroxyoctanoic acid",NA,"C18_479.3223_178.7","C18",479.3223,178.7,"C18",479.322557,176.5,"3M-H",NA,-0.536173389464036,2.19999999999999,2.19999999999999,TRUE,""
"156","CYTIDINE",NA,"C18_483.151_146.8","C18",483.151,146.8,"C18",483.149172,141.328824,"2M-3H","C00475",3.78351057173924,5.47117600000001,5.47117600000001,TRUE,""
"157","Taurocholic acid",NA,"C18_514.2835_143.2","C18",514.2835,143.2,"C18",514.284397,142.1,"M-H","C05122",-1.74417113418479,1.09999999999999,1.09999999999999,TRUE,""
"158","ESTRADIOL-17ALPHA",NA,"C18_541.3344_164.9","C18",541.3344,164.9,"C18",541.333372,156.02025,"2M-3H","C02537",1.89901464250695,8.87975,8.87975,TRUE,""
"159","2-OXOBUTANOATE",NA,"HILIC_103.039_158.1","HILIC",103.039,158.1,"HILIC",103.038976,129.439044,"M+H","C00109",0.2329215693705,28.660956,28.660956,TRUE,""
"160","7-Methylguanine",NA,"HILIC_104.0534_49.2","HILIC",104.0534,49.2,"HILIC",104.05308,48.4,"M+ACN+2H","C02242",3.07535346384842,0.800000000000004,0.800000000000004,TRUE,""
"161","1-Methylhistamine",NA,"HILIC_109.076_186.2","HILIC",109.076,186.2,"HILIC",109.076025,181.3,"M+H-NH3","C05127",-0.229197937933064,4.89999999999998,4.89999999999998,TRUE,""
"162","2-AMINOPHENOL",NA,"HILIC_110.0601_62.9","HILIC",110.0601,62.9,"HILIC",110.060076,57.5945556,"M+H","C01987",0.218062724311222,5.3054444,5.3054444,TRUE,""
"163","CYTOSINE",NA,"HILIC_112.0506_150.9","HILIC",112.0506,150.9,"HILIC",112.050576,145.708278,"M+H","C00380",0.214188992622842,5.191722,5.191722,TRUE,""
"164","HISTAMINE",NA,"HILIC_112.0869_189.5","HILIC",112.0869,189.5,"HILIC",112.086876,200.436258,"M+H","C00388",0.214119626246424,-10.936258,10.936258,TRUE,""
"165","N-ACETYLPUTRESCINE",NA,"HILIC_113.1074_162.5","HILIC",113.1074,162.5,"HILIC",113.107312,176.599104,"M+H-H2O","C02714",0.778022202536252,-14.099104,14.099104,TRUE,""
"166","N-ACETYL-L-ALANINE","yes -but different time","HILIC_114.055_75.6","HILIC",114.055,75.6,"HILIC",114.054912,79.372296,"M+H-H2O",NA,0.771558177215507,-3.77229600000001,3.77229600000001,TRUE,""
"167","3-UREIDOPROPIONATE",NA,"HILIC_115.0503_100.7","HILIC",115.0503,100.7,"HILIC",115.050212,87.039402,"M+H-H2O","C02642",0.764883423169913,13.660598,13.660598,TRUE,""
"168","3-Methylindole",NA,"HILIC_115.0542_50.9","HILIC",115.0542,50.9,"HILIC",115.054227,49,"M+H-NH3","C08313",-0.234671951712698,1.9,1.9,TRUE,""
"169","GUANIDINOACETATE",NA,"HILIC_118.061_178.1","HILIC",118.061,178.1,"HILIC",118.061076,180.748002,"M+H","C00581",-0.64373460388299,-2.64800200000002,2.64800200000002,TRUE,""
"170","Propionylcarnitine",NA,"HILIC_118.0863_164.5","HILIC",118.0863,164.5,"HILIC",118.086257,161.9,"M+H+NH4","C03017",0.364140595894334,2.59999999999999,2.59999999999999,FALSE,""
"171","5-Aminopentanoic acid",NA,"HILIC_118.0863_164.5","HILIC",118.0863,164.5,"HILIC",118.086255,161.9,"M+H","C00431",0.381077374331778,2.59999999999999,2.59999999999999,FALSE,""
"172","GLYCINE",NA,"HILIC_120.0027_177.6","HILIC",120.0027,177.6,"HILIC",120.003164,173.18955,"M+2Na-H","C00037",-3.86656471819195,4.41045,4.41045,TRUE,""
"173","TYRAMINE",NA,"HILIC_121.0648_105.8","HILIC",121.0648,105.8,"HILIC",121.064827,113.107944,"M+H-NH3","C00483",-0.223021009964149,-7.30794400000001,7.30794400000001,TRUE,""
"174","BENZOATE",NA,"HILIC_123.0441_169","HILIC",123.0441,169,"HILIC",123.044076,167.80848,"M+H","C00539",0.195052055949847,1.19152,1.19152,TRUE,""
"175","Imidazolepropionic acid",NA,"HILIC_123.0553_147.4","HILIC",123.0553,147.4,"HILIC",123.055289,146.3,"M-H2O+H","C20522",0.0893907128254307,1.09999999999999,1.09999999999999,TRUE,""
"176","NICOTINATE",NA,"HILIC_124.0394_76.7","HILIC",124.0394,76.7,"HILIC",124.039276,66.034662,"M+H","C00253",0.999683358354727,10.665338,10.665338,TRUE,""
"177","L-HISTIDINOL",NA,"HILIC_124.0869_192.6","HILIC",124.0869,192.6,"HILIC",124.086912,203.162142,"M+H-H2O","C00860",-0.0967064116973482,-10.562142,10.562142,TRUE,""
"178","5-METHYLCYTOSINE HYDROCLORIDE",NA,"HILIC_126.0662_141.4","HILIC",126.0662,141.4,"HILIC",126.066176,137.266818,"M+H","C02376",0.190376203655525,4.133182,4.133182,TRUE,""
"179","1-Methylhistamine",NA,"HILIC_126.1026_182.1","HILIC",126.1026,182.1,"HILIC",126.102573,181.7,"M+H","C05127",0.21411141221262,0.400000000000006,0.400000000000006,TRUE,""
"180","6-Oxopiperidine-2-carboxylic acid",NA,"HILIC_127.039_49.1","HILIC",127.039,49.1,"HILIC",127.038971,49.4,"M+H-NH3",NA,0.228276408172704,-0.299999999999997,0.299999999999997,FALSE,""
"181","3-Hydroxy-3-methylglutarate",NA,"HILIC_127.039_49.1","HILIC",127.039,49.1,"HILIC",127.038421,49.4,"M+H-2H2O","C03761",4.55767629544044,-0.299999999999997,0.299999999999997,FALSE,""
"182","THYMINE","yes","HILIC_127.0502_147.4","HILIC",127.0502,147.4,"HILIC",127.050176,157.668372,"M+H","C00178",0.188901745484084,-10.268372,10.268372,FALSE,""
"183","4-IMIDAZOLEACETIC ACID","yes","HILIC_127.0502_147.4","HILIC",127.0502,147.4,"HILIC",127.050176,157.668372,"M+H","C02835",0.188901745484084,-10.268372,10.268372,FALSE,""
"184","Dihydrothymine",NA,"HILIC_129.0659_180.8","HILIC",129.0659,180.8,"HILIC",129.065854,179.7,"M+H","C00906",0.356407202772222,1.10000000000002,1.10000000000002,TRUE,""
"185","Ribothymidine",NA,"HILIC_130.0499_188.4","HILIC",130.0499,188.4,"HILIC",130.049869,186.9,"M+2H",NA,0.238370097912191,1.5,1.5,FALSE,""
"186","1,2,3-Propanetricarboxylic acid",NA,"HILIC_130.0499_188.4","HILIC",130.0499,188.4,"HILIC",130.049867,186.9,"M+2ACN+2H","C19806",0.253748817766558,1.5,1.5,FALSE,""
"187","QUINOLINE",NA,"HILIC_130.0652_61.3","HILIC",130.0652,61.3,"HILIC",130.065076,53.26578,"M+H","C06413",0.953368912032688,8.03422,8.03422,TRUE,""
"188","Propionylcarnitine",NA,"HILIC_130.0863_196.9","HILIC",130.0863,196.9,"HILIC",130.086254,200.3,"M+ACN+2H","C03017",0.353611535293714,-3.40000000000001,3.40000000000001,TRUE,""
"189","N-ACETYLPUTRESCINE",NA,"HILIC_131.118_155.8","HILIC",131.118,155.8,"HILIC",131.117876,145.63854,"M+H","C02714",0.945713916228851,10.16146,10.16146,TRUE,""
"190","chiro-Inositol",NA,"HILIC_132.0655_181.6","HILIC",132.0655,181.6,"HILIC",132.065517,184.1,"M+2ACN+2H","C19891",-0.12872398791217,-2.5,2.5,TRUE,""
"191","N-Methylhydantoin",NA,"HILIC_132.0767_178","HILIC",132.0767,178,"HILIC",132.076757,176.9,"M+NH4","C02565",-0.431567228730468,1.09999999999999,1.09999999999999,TRUE,""
"192","Isovalerylcarnitine",NA,"HILIC_132.1019_149.3","HILIC",132.1019,149.3,"HILIC",132.101907,151.7,"M+H+NH4",NA,-0.0529893940951845,-2.39999999999998,2.39999999999998,TRUE,""
"193","Hydrocinnamic acid",NA,"HILIC_133.0648_49.3","HILIC",133.0648,49.3,"HILIC",133.064791,49.4,"M-H2O+H","C05629",0.0676362237496558,-0.100000000000001,0.100000000000001,TRUE,""
"194","gamma-CEHC",NA,"HILIC_133.0752_120.6","HILIC",133.0752,120.6,"HILIC",133.075356,123.9,"M+2H",NA,-1.17226813959485,-3.30000000000001,3.30000000000001,TRUE,""
"195","HEXANOATE","yes","HILIC_134.1176_139.2","HILIC",134.1176,139.2,"HILIC",134.11753,111.570552,"M+NH4","C01585",0.521930280271482,27.629448,27.629448,FALSE,""
"196","TRANS-CYCLOHEXANE-1,2-DIOL","yes","HILIC_134.1176_139.2","HILIC",134.1176,139.2,"HILIC",134.11753,111.570552,"M+NH4","C03739",0.521930280271482,27.629448,27.629448,FALSE,""
"197","Docosadienoate (22:2n6)",NA,"HILIC_135.0908_122.5","HILIC",135.0908,122.5,"HILIC",135.090161,123.9,"M+3Na","C16533",4.73017424271718,-1.40000000000001,1.40000000000001,TRUE,""
"198","N-Acetylhistamine",NA,"HILIC_136.0869_146.9","HILIC",136.0869,146.9,"HILIC",136.086924,147.4,"M-H2O+H","C05135",-0.176357869594064,-0.5,0.5,TRUE,""
"199","1-METHYLNICOTINAMIDE",NA,"HILIC_137.071_147.4","HILIC",137.071,147.4,"HILIC",137.071476,140.111148,"M+H","C02918",-3.47264079940255,7.28885200000002,7.28885200000002,TRUE,""
"200","ANTHRANILATE","yes","HILIC_138.055_62.4","HILIC",138.055,62.4,"HILIC",138.054976,55.207032,"M+H","C00108",0.173843788117056,7.192968,7.192968,FALSE,""
"201","4-AMINOBENZOATE","yes","HILIC_138.055_62.4","HILIC",138.055,62.4,"HILIC",138.054976,55.207032,"M+H","C00568",0.173843788117056,7.192968,7.192968,FALSE,""
"202","SALICYLAMIDE","yes","HILIC_138.055_62.4","HILIC",138.055,62.4,"HILIC",138.054976,55.207032,"M+H",NA,0.173843788117056,7.192968,7.192968,FALSE,""
"203","6-HYDROXYNICOTINATE",NA,"HILIC_140.0342_94.5","HILIC",140.0342,94.5,"HILIC",140.034176,84.349338,"M+H","C01020",0.171386733451763,10.150662,10.150662,TRUE,""
"204","5-Aminopentanoic acid",NA,"HILIC_140.0682_171.1","HILIC",140.0682,171.1,"HILIC",140.068199,169.2,"M+Na","C00431",0.00713937927819892,1.90000000000001,1.90000000000001,FALSE,""
"205","1,3-Dihydro-(2H)-indol-2-one","yes","HILIC_140.0682_171.1","HILIC",140.0682,171.1,"HILIC",140.06822,169.2,"M+Li","C12312",-0.142787564562099,1.90000000000001,1.90000000000001,FALSE,""
"206","BETAINE","yes","HILIC_140.0682_171.1","HILIC",140.0682,171.1,"HILIC",140.06822,165.87816,"M+Na",NA,-0.142787564562099,5.22183999999999,5.22183999999999,FALSE,""
"207","Methylimidazoleacetic acid","yes -but different time","HILIC_141.0664_160.2","HILIC",141.0664,160.2,"HILIC",141.065854,163.7,"M+H","C05828",3.87053269450823,-3.5,3.5,FALSE,""
"208","Imidazolepropionic acid","yes -but different time","HILIC_141.0664_160.2","HILIC",141.0664,160.2,"HILIC",141.065854,148.8,"M+H","C20522",3.87053269450823,11.4,11.4,FALSE,""
"209","Ectoine",NA,"HILIC_143.0815_172.1","HILIC",143.0815,172.1,"HILIC",143.081504,174.2,"M+H","C06231",-0.0279560941007509,-2.09999999999999,2.09999999999999,TRUE,""
"210","Proline betaine",NA,"HILIC_144.102_164","HILIC",144.102,164,"HILIC",144.101905,161,"M+H","C10172",0.659255684482058,3,3,FALSE,""
"211","Isovalerylcarnitine",NA,"HILIC_144.102_164","HILIC",144.102,164,"HILIC",144.101904,161,"M+ACN+2H",NA,0.66619522260732,3,3,FALSE,""
"212","13-Methylmyristic acid",NA,"HILIC_144.102_164","HILIC",144.102,164,"HILIC",144.10151,161,"M+2Na",NA,3.40038074558292,3,3,FALSE,""
"213","3-Oxindole-3-acetate",NA,"HILIC_146.0601_155","HILIC",146.0601,155,"HILIC",146.06004,153.5,"M+H-CH2O2",NA,0.410789973897343,1.5,1.5,TRUE,""
"214","4-GUANIDINOBUTANOATE",NA,"HILIC_146.0922_150.3","HILIC",146.0922,150.3,"HILIC",146.092376,141.47262,"M+H","C01035",-1.20471721269281,8.82738,8.82738,TRUE,""
"215","2-Aminoheptanoate",NA,"HILIC_146.1176_136.8","HILIC",146.1176,136.8,"HILIC",146.117555,140.2,"M+H",NA,0.307971208525031,-3.39999999999998,3.39999999999998,TRUE,""
"216","N-Methylhydantoin",NA,"HILIC_147.0766_187.9","HILIC",147.0766,187.9,"HILIC",147.076416,186.8,"M+CH3OH+H","C02565",1.25105033847584,1.09999999999999,1.09999999999999,FALSE,""
"217","Dihydrothymine",NA,"HILIC_147.0766_187.9","HILIC",147.0766,187.9,"HILIC",147.076414,186.8,"M+H+H2O","C00906",1.2646487288816,1.09999999999999,1.09999999999999,FALSE,""
"218","N-Methylhydantoin",NA,"HILIC_147.0766_187.9","HILIC",147.0766,187.9,"HILIC",147.076413,186.8,"M+CH4O+H","C02565",1.27144792422317,1.09999999999999,1.09999999999999,FALSE,""
"219","3-METHYL-2-OXINDOLE",NA,"HILIC_148.0757_51","HILIC",148.0757,51,"HILIC",148.075676,50.217351,"M+H","C02366",0.162079287246819,0.782648999999999,0.782648999999999,TRUE,""
"220","L-SERINE",NA,"HILIC_150.0138_189.9","HILIC",150.0138,189.9,"HILIC",150.013764,188.968704,"M+2Na-H","C00065",0.239977979583086,0.931296000000003,0.931296000000003,TRUE,""
"221","4-HYDROXY-L-PHENYLGLYCINE",NA,"HILIC_151.0389_207.2","HILIC",151.0389,207.2,"HILIC",151.038927,178.482528,"M+H-NH3","C12323",-0.178761863083647,28.717472,28.717472,TRUE,""
"222","GUANINE",NA,"HILIC_152.0564_162.3","HILIC",152.0564,162.3,"HILIC",152.056676,145.993038,"M+H","C00242",-1.81511267557703,16.306962,16.306962,TRUE,""
"223","3-AMINO-5-HYDROXYBENZOIC ACID","yes","HILIC_154.0499_84.7","HILIC",154.0499,84.7,"HILIC",154.049876,59.6787144,"M+H","C12107",0.155793698894306,25.0212856,25.0212856,FALSE,""
"224","3-AMINO-4-HYDROXYBENZOIC ACID","yes","HILIC_154.0499_84.7","HILIC",154.0499,84.7,"HILIC",154.049876,59.6787144,"M+H","C12115",0.155793698894306,25.0212856,25.0212856,FALSE,""
"225","N-Acetylhistamine",NA,"HILIC_154.0975_148.1","HILIC",154.0975,148.1,"HILIC",154.097488,149.3,"M+H","C05135",0.0778727814052661,-1.20000000000002,1.20000000000002,TRUE,""
"226","5-Aminopentanoic acid",NA,"HILIC_156.0421_163.2","HILIC",156.0421,163.2,"HILIC",156.042139,162.6,"M+K","C00431",-0.249932487703207,0.599999999999994,0.599999999999994,FALSE,""
"227","1,3-Dihydro-(2H)-indol-2-one",NA,"HILIC_156.0421_163.2","HILIC",156.0421,163.2,"HILIC",156.041984,162.6,"M+Na","C12312",0.743389676404943,0.599999999999994,0.599999999999994,FALSE,""
"228","N-Methylhydantoin",NA,"HILIC_156.0767_197.5","HILIC",156.0767,197.5,"HILIC",156.07675,199.7,"M+ACN+H","C02565",-0.320355209958374,-2.19999999999999,2.19999999999999,FALSE,""
"229","N-Acetylmuramate",NA,"HILIC_156.0767_197.5","HILIC",156.0767,197.5,"HILIC",156.076086,199.7,"M+H+NH4","C02713",3.93397871333454,-2.19999999999999,2.19999999999999,FALSE,""
"230","Isocaproic acid",NA,"HILIC_158.1176_65.8","HILIC",158.1176,65.8,"HILIC",158.117553,61.7,"M+ACN+H",NA,0.297247200780074,4.09999999999999,4.09999999999999,TRUE,""
"231","Imidazolepropionic acid","yes","HILIC_159.0764_190.4","HILIC",159.0764,190.4,"HILIC",159.076414,189.3,"M+H+H2O","C20522",-0.0880080185430576,1.09999999999999,1.09999999999999,FALSE,""
"232","Methylimidazoleacetic acid","yes","HILIC_159.0764_190.4","HILIC",159.0764,190.4,"HILIC",159.076414,189.3,"M+H+H2O","C05828",-0.0880080185430576,1.09999999999999,1.09999999999999,FALSE,""
"233","SEROTONIN",NA,"HILIC_160.0758_154.5","HILIC",160.0758,154.5,"HILIC",160.075727,131.79984,"M+H-NH3","C00780",0.456034161795329,22.70016,22.70016,TRUE,""
"234","TRYPTAMINE",NA,"HILIC_161.1074_82.5","HILIC",161.1074,82.5,"HILIC",161.107276,87.20142,"M+H","C00398",0.769673493825126,-4.70142,4.70142,TRUE,""
"235","5-Aminopentanoic acid",NA,"HILIC_162.0502_169.5","HILIC",162.0502,169.5,"HILIC",162.050143,167.3,"M+2Na-H","C00431",0.351742978703804,2.19999999999999,2.19999999999999,TRUE,""
"236","4-Hydroxycyclohexylcarboxylic acid",NA,"HILIC_162.1125_158.3","HILIC",162.1125,158.3,"HILIC",162.112474,152.2,"M+NH4",NA,0.160382476302357,6.10000000000002,6.10000000000002,FALSE,""
"237","Proline betaine",NA,"HILIC_162.1125_158.3","HILIC",162.1125,158.3,"HILIC",162.112465,152.2,"M+H+H2O","C10172",0.215899499309448,6.10000000000002,6.10000000000002,FALSE,""
"238","Ectoine",NA,"HILIC_165.0637_174.9","HILIC",165.0637,174.9,"HILIC",165.063448,174.1,"M+Na","C06231",1.52668566585051,0.800000000000011,0.800000000000011,TRUE,""
"239","1,3-Dihydro-(2H)-indol-2-one",NA,"HILIC_166.0863_154.5","HILIC",166.0863,154.5,"HILIC",166.086253,152.6,"M+CH3OH+H","C12312",0.282985491851774,1.90000000000001,1.90000000000001,FALSE,""
"240","1,3-Dihydro-(2H)-indol-2-one",NA,"HILIC_166.0863_154.5","HILIC",166.0863,154.5,"HILIC",166.08625,152.6,"M+CH4O+H","C12312",0.301048400981111,1.90000000000001,1.90000000000001,FALSE,""
"241","DL-NORMETANEPHRINE",NA,"HILIC_166.0863_154.5","HILIC",166.0863,154.5,"HILIC",166.086212,135.400074,"M+H-H2O","C05589",0.529845307117938,19.099926,19.099926,FALSE,""
"242","4-ACETAMIDOBUTANOATE",NA,"HILIC_168.0632_74.6","HILIC",168.0632,74.6,"HILIC",168.06312,63.861996,"M+Na","C02946",0.476011631802214,10.738004,10.738004,TRUE,""
"243","Dihydrothymine",NA,"HILIC_170.0924_193.2","HILIC",170.0924,193.2,"HILIC",170.0924,197.3,"M+ACN+H","C00906",0,-4.10000000000002,4.10000000000002,TRUE,""
"244","Ribothymidine",NA,"HILIC_171.0764_213.4","HILIC",171.0764,213.4,"HILIC",171.076416,190.2,"M+2ACN+2H",NA,-0.0935254569982668,23.2,23.2,TRUE,""
"245","3-(Methylthio)-1-propene",NA,"HILIC_171.0958_193.2","HILIC",171.0958,193.2,"HILIC",171.095041,197.5,"M+2ACN+H",NA,4.43613091035154,-4.30000000000001,4.30000000000001,TRUE,""
"246","PIPECOLATE",NA,"HILIC_174.0503_171.7","HILIC",174.0503,171.7,"HILIC",174.050164,169.9359,"M+2Na-H","C00408",0.781383923302098,1.76409999999998,1.76409999999998,TRUE,""
"247","5-HYDROXYINDOLEACETATE",NA,"HILIC_174.0551_156.6","HILIC",174.0551,156.6,"HILIC",174.054912,155.241564,"M+H-H2O","C05635",1.08011889953738,1.35843599999998,1.35843599999998,TRUE,""
"248","N-ACETYL-L-LEUCINE",NA,"HILIC_174.1125_69.8","HILIC",174.1125,69.8,"HILIC",174.112476,59.192346,"M+H","C02710",0.137841931698628,10.607654,10.607654,TRUE,""
"249","4-METHYL-2-OXO-PENTANOIC ACID","yes -but different time","HILIC_175.0342_70.5","HILIC",175.0342,70.5,"HILIC",175.034164,58.39062,"M+2Na-H","C00233",0.205674133390176,12.10938,12.10938,TRUE,""
"250","3-METHYL-2-OXOVALERIC ACID","yes","HILIC_175.0343_171.3","HILIC",175.0343,171.3,"HILIC",175.034164,163.259838,"M+2Na-H","C00671",0.77699117069336,8.04016200000001,8.04016200000001,FALSE,""
"251","4-METHYL-2-OXOVALERIC ACID","yes","HILIC_175.0343_171.3","HILIC",175.0343,171.3,"HILIC",175.034164,163.259838,"M+2Na-H","C00233",0.77699117069336,8.04016200000001,8.04016200000001,FALSE,""
"252","MEVALOLACTONE","yes","HILIC_175.0343_171.3","HILIC",175.0343,171.3,"HILIC",175.034164,163.259838,"M+2Na-H",NA,0.77699117069336,8.04016200000001,8.04016200000001,FALSE,""
"253","INDOLE-3-ACETAMIDE",NA,"HILIC_175.0866_84.1","HILIC",175.0866,84.1,"HILIC",175.086576,59.474502,"M+H","C02693",0.137075043355975,24.625498,24.625498,TRUE,""
"254","L-ASPARAGINE","yes -but different time","HILIC_177.0246_190.8","HILIC",177.0246,190.8,"HILIC",177.024664,191.020116,"M+2Na-H","C00152",-0.361531543474336,-0.22011599999999,0.22011599999999,TRUE,""
"255","SEROTONIN",NA,"HILIC_177.1022_145","HILIC",177.1022,145,"HILIC",177.102276,130.719354,"M+H","C00780",-0.429130566219537,14.280646,14.280646,TRUE,""
"256","2-METHYLPROPANOATE",NA,"HILIC_177.1122_68.9","HILIC",177.1122,68.9,"HILIC",177.112076,59.835144,"2M+H","C02632",0.700121656298405,9.06485600000001,9.06485600000001,TRUE,""
"257","D-(+)-GLUCOSAMINE","yes","HILIC_180.0866_180.9","HILIC",180.0866,180.9,"HILIC",180.086676,196.068432,"M+H","C00329",-0.422019006042792,-15.168432,15.168432,FALSE,""
"258","D-MANNOSAMINE","yes","HILIC_180.0866_180.9","HILIC",180.0866,180.9,"HILIC",180.086676,196.068432,"M+H","C03570",-0.422019006042792,-15.168432,15.168432,FALSE,""
"259","12,13-DiHOME",NA,"HILIC_180.1121_68.7","HILIC",180.1121,68.7,"HILIC",180.112075,64.6,"M+2Na","C14829",0.138802465041416,4.10000000000001,4.10000000000001,TRUE,""
"260","PARAXANTHINE",NA,"HILIC_181.0721_71.4","HILIC",181.0721,71.4,"HILIC",181.071976,58.6590636,"M+H","C13747",0.68481055290173,12.7409364,12.7409364,FALSE,""
"261","5-Acetylamino-6-amino-3-methyluracil",NA,"HILIC_181.0721_71.4","HILIC",181.0721,71.4,"HILIC",181.072002,53.4,"M-H2O+H","C16366",0.541221165756864,18,18,FALSE,""
"262","3-Hydroxydodecanoic acid",NA,"HILIC_181.1587_47.6","HILIC",181.1587,47.6,"HILIC",181.158142,47.2,"M+H-2H2O",NA,3.08018173432288,0.399999999999999,0.399999999999999,TRUE,""
"263","Proline betaine",NA,"HILIC_182.0578_162.6","HILIC",182.0578,162.6,"HILIC",182.057789,162,"M+K","C10172",0.0604203754898269,0.599999999999994,0.599999999999994,TRUE,""
"264","CAPRYLIC ACID",NA,"HILIC_183.0782_168.8","HILIC",183.0782,168.8,"HILIC",183.07816,167.722848,"M+K","C06423",0.21848591887037,1.07715200000001,1.07715200000001,TRUE,""
"265","N-ACETYL-D-GLUCOSAMINE","yes","HILIC_186.0761_158","HILIC",186.0761,158,"HILIC",186.075498,152.172318,"M+H-2H2O","C00140",3.23524594294756,5.82768200000001,5.82768200000001,FALSE,""
"266","N-ACETYL-D-GALACTOSAMINE","yes","HILIC_186.0761_158","HILIC",186.0761,158,"HILIC",186.075498,152.172318,"M+H-2H2O","C05021",3.23524594294756,5.82768200000001,5.82768200000001,FALSE,""
"267","N-ACETYL-D-MANNOSAMINE","yes","HILIC_186.0761_158","HILIC",186.0761,158,"HILIC",186.075498,152.172318,"M+H-2H2O","C00645",3.23524594294756,5.82768200000001,5.82768200000001,FALSE,""
"268","3,4-Dihydroxyhydrocinnamic acid",NA,"HILIC_189.074_154.9","HILIC",189.074,154.9,"HILIC",189.073365,153.6,"M+Li","C10447",3.35848468141886,1.30000000000001,1.30000000000001,FALSE,""
"269","1-Deoxy-D-glucitol",NA,"HILIC_189.074_154.9","HILIC",189.074,154.9,"HILIC",189.073344,153.6,"M+Na",NA,3.46955306413071,1.30000000000001,1.30000000000001,FALSE,""
"270","NEPSILON,NEPSILON,NEPSILON-TRIMETHYLLYSINE",NA,"HILIC_189.1597_190.5","HILIC",189.1597,190.5,"HILIC",189.159776,193.869936,"M+H","C03793",-0.401776749868167,-3.369936,3.369936,TRUE,""
"271","Kynurenic acid",NA,"HILIC_190.0499_137.2","HILIC",190.0499,137.2,"HILIC",190.049876,134.425692,"M+H","C01717",0.126282639596404,2.77430799999999,2.77430799999999,TRUE,""
"272","L-GLUTAMINE",NA,"HILIC_191.0401_187.8","HILIC",191.0401,187.8,"HILIC",191.040264,186.155436,"M+2Na-H","C00064",-0.858457775227245,1.644564,1.644564,TRUE,""
"273","L-LYSINE",NA,"HILIC_191.0766_197.3","HILIC",191.0766,197.3,"HILIC",191.076664,204.890958,"M+2Na-H","C00047",-0.334944093332737,-7.590958,7.590958,TRUE,""
"274","CARNOSINE",NA,"HILIC_191.0914_75.7","HILIC",191.0914,75.7,"HILIC",191.092198,48.571968,"M+H-2H2O","C00386",-4.17599466830763,27.128032,27.128032,TRUE,""
"275","N-ACETYL-DL-SERINE",NA,"HILIC_192.0243_119.4","HILIC",192.0243,119.4,"HILIC",192.024364,109.19775,"M+2Na-H",NA,-0.333291039987634,10.20225,10.20225,TRUE,""
"276","PYRIDOXINE",NA,"HILIC_192.0623_104.1","HILIC",192.0623,104.1,"HILIC",192.06312,115.758,"M+Na","C00314",-4.26942975832364,-11.658,11.658,TRUE,""
"277","L-KYNURENINE","yes","HILIC_192.0655_156.6","HILIC",192.0655,156.6,"HILIC",192.065527,153.37788,"M+H-NH3","C00328",-0.140577023054724,3.22211999999999,3.22211999999999,FALSE,""
"278","KYNURENINE","yes","HILIC_192.0655_156.6","HILIC",192.0655,156.6,"HILIC",192.065527,153.37788,"M+H-NH3","C00328",-0.140577023054724,3.22211999999999,3.22211999999999,FALSE,""
"279","N(PAI)-METHYL-L-HISTIDINE",NA,"HILIC_192.0743_192.8","HILIC",192.0743,192.8,"HILIC",192.07432,204.769422,"M+Na","C01152",-0.10412636112078,-11.969422,11.969422,TRUE,""
"280","CAFFEINE",NA,"HILIC_195.0877_58.7","HILIC",195.0877,58.7,"HILIC",195.087676,58.222929,"M+H","C07481",0.123021610163991,0.477071000000002,0.477071000000002,TRUE,""
"281","NONANOATE",NA,"HILIC_197.0944_58.9","HILIC",197.0944,58.9,"HILIC",197.09386,57.1630776,"M+K","C01601",2.7398113771828,1.7369224,1.7369224,TRUE,""
"282","CITRULLINE",NA,"HILIC_198.0852_189.4","HILIC",198.0852,189.4,"HILIC",198.08492,189.728196,"M+Na","C00327",1.41353516449,-0.328195999999991,0.328195999999991,TRUE,""
"283","chiro-Inositol",NA,"HILIC_198.0977_59.7","HILIC",198.0977,59.7,"HILIC",198.097218,58.8,"M+NH4","C19891",2.43314875832936,0.900000000000006,0.900000000000006,FALSE,""
"284","7-Methylguanine",NA,"HILIC_198.0977_59.7","HILIC",198.0977,59.7,"HILIC",198.098546,58.8,"M+CH4O+H","C02242",-4.27060176401135,0.900000000000006,0.900000000000006,FALSE,""
"285","7-Methylguanine",NA,"HILIC_198.0977_59.7","HILIC",198.0977,59.7,"HILIC",198.098549,58.8,"M+CH3OH+H","C02242",-4.28574567695652,0.900000000000006,0.900000000000006,FALSE,""
"286","D-GALACTOSE","yes","HILIC_198.0977_59.7","HILIC",198.0977,59.7,"HILIC",198.09723,57.2063364,"M+NH4","C00984",2.37257229698303,2.4936636,2.4936636,FALSE,""
"287","MANNOSE","yes","HILIC_198.0977_59.7","HILIC",198.0977,59.7,"HILIC",198.09723,57.2063364,"M+NH4","C00936",2.37257229698303,2.4936636,2.4936636,FALSE,""
"288","MYO-INOSITOL","yes","HILIC_198.0977_59.7","HILIC",198.0977,59.7,"HILIC",198.09723,57.2063364,"M+NH4","C00137",2.37257229698303,2.4936636,2.4936636,FALSE,""
"289","D-FRUCTOSE","yes","HILIC_198.0977_59.7","HILIC",198.0977,59.7,"HILIC",198.09723,57.2063364,"M+NH4","C02336",2.37257229698303,2.4936636,2.4936636,FALSE,""
"290","ALLOSE","yes","HILIC_198.0977_59.7","HILIC",198.0977,59.7,"HILIC",198.09723,57.2063364,"M+NH4","C01487",2.37257229698303,2.4936636,2.4936636,FALSE,""
"291","L-SORBOSE","yes","HILIC_198.0977_59.7","HILIC",198.0977,59.7,"HILIC",198.09723,57.2063364,"M+NH4","C08356",2.37257229698303,2.4936636,2.4936636,FALSE,""
"292","ALPHA-D-GLUCOSE","yes","HILIC_198.0977_59.7","HILIC",198.0977,59.7,"HILIC",198.09723,57.2063364,"M+NH4","C00267",2.37257229698303,2.4936636,2.4936636,FALSE,""
"293","D-TAGATOSE","yes","HILIC_198.0977_59.7","HILIC",198.0977,59.7,"HILIC",198.09723,57.2063364,"M+NH4","C00795",2.37257229698303,2.4936636,2.4936636,FALSE,""
"294","D-PSICOSE","yes","HILIC_198.0977_59.7","HILIC",198.0977,59.7,"HILIC",198.09723,57.2063364,"M+NH4","C06468",2.37257229698303,2.4936636,2.4936636,FALSE,""
"295","PARAXANTHINE","yes","HILIC_198.0977_59.7","HILIC",198.0977,59.7,"HILIC",198.09853,57.2063364,"M+NH4","C13747",-4.18983422041374,2.4936636,2.4936636,FALSE,""
"296","THEOPHYLLINE","yes","HILIC_198.0977_59.7","HILIC",198.0977,59.7,"HILIC",198.09853,57.2063364,"M+NH4","C07130",-4.18983422041374,2.4936636,2.4936636,FALSE,""
"297","THEOBROMINE","yes","HILIC_198.0977_59.7","HILIC",198.0977,59.7,"HILIC",198.09853,57.2063364,"M+NH4","C07480",-4.18983422041374,2.4936636,2.4936636,FALSE,""
"298","5-VALEROLACTONE",NA,"HILIC_201.1122_81.7","HILIC",201.1122,81.7,"HILIC",201.112076,54.096498,"2M+H","C02240",0.616571627451993,27.603502,27.603502,TRUE,""
"299","N-ACETYLSEROTONIN",NA,"HILIC_202.0863_56.8","HILIC",202.0863,56.8,"HILIC",202.086227,55.5038736,"M+H-NH3","C00978",0.361231940790418,1.2961264,1.2961264,TRUE,""
"300","ALLANTOIN",NA,"HILIC_203.0152_133.3","HILIC",203.0152,133.3,"HILIC",203.015164,124.5195,"M+2Na-H","C01551",0.177326655236324,8.78050000000002,8.78050000000002,TRUE,""
"301","chiro-Inositol",NA,"HILIC_203.0526_171.9","HILIC",203.0526,171.9,"HILIC",203.052608,174.4,"M+Na","C19891",-0.0393986566269661,-2.5,2.5,TRUE,""
"302","Asymmetric dimethylarginine",NA,"HILIC_203.1501_187.9","HILIC",203.1501,187.9,"HILIC",203.150252,189.1,"M+H","C03626",-0.748214676030622,-1.19999999999999,1.19999999999999,TRUE,""
"303","Indoleacrylic acid",NA,"HILIC_205.0972_61.3","HILIC",205.0972,61.3,"HILIC",205.097158,57.9,"M+NH4",NA,0.204780994474947,3.4,3.4,TRUE,""
"304","LIPOAMIDE",NA,"HILIC_206.0668_20.5","HILIC",206.0668,20.5,"HILIC",206.066776,49.4228664,"M+H","C00248",0.11646710091805,-28.9228664,28.9228664,TRUE,""
"305","N-ACETYL-L-PHENYLALANINE",NA,"HILIC_208.0969_77.8","HILIC",208.0969,77.8,"HILIC",208.096776,53.8997556,"M+H","C03519",0.595876603103014,23.9002444,23.9002444,TRUE,""
"306","L-KYNURENINE","yes","HILIC_209.0921_156.5","HILIC",209.0921,156.5,"HILIC",209.092076,150.22788,"M+H","C00328",0.114781968094521,6.27212,6.27212,FALSE,""
"307","KYNURENINE","yes","HILIC_209.0921_156.5","HILIC",209.0921,156.5,"HILIC",209.092076,150.22788,"M+H","C00328",0.114781968094521,6.27212,6.27212,FALSE,""
"308","1,11-Undecanedicarboxylate",NA,"HILIC_209.1536_47.6","HILIC",209.1536,47.6,"HILIC",209.153057,46.6,"M+H-2H2O",NA,2.5961848600746,1,1,TRUE,""
"309","N(PAI)-METHYL-L-HISTIDINE",NA,"HILIC_214.0562_192.9","HILIC",214.0562,192.9,"HILIC",214.056264,204.622992,"M+2Na-H","C01152",-0.29898681221936,-11.722992,11.722992,TRUE,""
"310","Propionylcarnitine",NA,"HILIC_218.1387_109.4","HILIC",218.1387,109.4,"HILIC",218.138684,108.4,"M+H","C03017",0.0733478340229906,1,1,TRUE,""
"311","L-ARGININE",NA,"HILIC_219.0829_196.5","HILIC",219.0829,196.5,"HILIC",219.082864,202.053252,"M+2Na-H","C00062",0.164321386607279,-5.55325199999999,5.55325199999999,TRUE,""
"312","CITRULLINE",NA,"HILIC_220.0668_190.8","HILIC",220.0668,190.8,"HILIC",220.066864,189.657672,"M+2Na-H","C00327",-0.290820702606758,1.14232800000002,1.14232800000002,TRUE,""
"313","Lithocholic acid glycine conjugate",NA,"HILIC_226.1802_50.2","HILIC",226.1802,50.2,"HILIC",226.180157,48,"M+H+NH4","C15557",0.190113936498516,2.2,2.2,TRUE,""
"314","L,L-Cyclo(leucylprolyl)",NA,"HILIC_229.1546_155","HILIC",229.1546,155,"HILIC",229.154664,148.2,"M+H+H2O",NA,-0.279287355063154,6.80000000000001,6.80000000000001,TRUE,""
"315","INDOXYL SULFATE",NA,"HILIC_231.0438_153.5","HILIC",231.0438,153.5,"HILIC",231.04343,153.331704,"M+NH4",NA,1.6014305189451,0.168295999999998,0.168295999999998,TRUE,""
"316","Isobutyryl-L-carnitine","yes","HILIC_232.1543_96.4","HILIC",232.1543,96.4,"HILIC",232.154334,95.3,"M+H",NA,-0.146454297938816,1.10000000000001,1.10000000000001,FALSE,""
"317","Butyrylcarnitine","yes","HILIC_232.1543_96.4","HILIC",232.1543,96.4,"HILIC",232.154334,95.3,"M+H","HMDB-correct mass",-0.146454297938816,1.10000000000001,1.10000000000001,FALSE,""
"318","HOMOCYSTINE",NA,"HILIC_233.0408_153.4","HILIC",233.0408,153.4,"HILIC",233.040698,153.80832,"M+H-2H2O","C01817",0.437691788917789,-0.408320000000003,0.408320000000003,TRUE,""
"319","4-Hydroxycinnamic acid",NA,"HILIC_240.967_170.4","HILIC",240.967,170.4,"HILIC",240.966388,169.7,"M+2K-H","C00811",2.53977330654947,0.700000000000017,0.700000000000017,TRUE,""
"320","L-ANSERINE",NA,"HILIC_241.1294_187","HILIC",241.1294,187,"HILIC",241.129476,202.6218,"M+H","C01262",-0.315183366495892,-15.6218,15.6218,TRUE,""
"321","N-ACETYL-D-GLUCOSAMINE","yes","HILIC_244.0791_160.5","HILIC",244.0791,160.5,"HILIC",244.07912,162.39351,"M+Na","C00140",-0.0819406427634062,-1.89350999999999,1.89350999999999,FALSE,""
"322","N-ACETYL-D-GALACTOSAMINE","yes","HILIC_244.0791_160.5","HILIC",244.0791,160.5,"HILIC",244.07912,162.39351,"M+Na","C05021",-0.0819406427634062,-1.89350999999999,1.89350999999999,FALSE,""
"323","N-ACETYL-D-MANNOSAMINE","yes","HILIC_244.0791_160.5","HILIC",244.0791,160.5,"HILIC",244.07912,162.39351,"M+Na","C00645",-0.0819406427634062,-1.89350999999999,1.89350999999999,FALSE,""
"324","Isovalerylcarnitine",NA,"HILIC_246.1699_88.7","HILIC",246.1699,88.7,"HILIC",246.169984,87.6,"M+H",NA,-0.341227629063308,1.10000000000001,1.10000000000001,TRUE,""
"325","Glycerophosphocholine",NA,"HILIC_258.11_186.3","HILIC",258.11,186.3,"HILIC",258.1101,185.6,"M+H","C00670",-0.387431564959674,0.700000000000017,0.700000000000017,TRUE,""
"326","L-ANSERINE",NA,"HILIC_263.1112_182","HILIC",263.1112,182,"HILIC",263.11142,200.12349,"M+Na","C01262",-0.836147667071948,-18.12349,18.12349,TRUE,""
"327","3,4-Dihydroxyhydrocinnamic acid",NA,"HILIC_265.1178_78.7","HILIC",265.1178,78.7,"HILIC",265.118279,76.4,"M+2ACN+H","C10447",-1.80674075658266,2.3,2.3,FALSE,""
"328","Phenylacetylglutamine",NA,"HILIC_265.1178_78.7","HILIC",265.1178,78.7,"HILIC",265.118283,76.4,"M+H","C04148",-1.82182833475539,2.3,2.3,FALSE,""
"329","5-Aminopentanoic acid",NA,"HILIC_273.1212_163.2","HILIC",273.1212,163.2,"HILIC",273.121117,162.8,"2M+K","C00431",0.303894480487847,0.399999999999977,0.399999999999977,TRUE,""
"330","Glycerophosphocholine",NA,"HILIC_280.0921_186.4","HILIC",280.0921,186.4,"HILIC",280.092044,185.2,"M+Na","C00670",0.199934275995158,1.20000000000002,1.20000000000002,TRUE,""
"331","Ureidopropionic acid",NA,"HILIC_282.1418_49.1","HILIC",282.1418,49.1,"HILIC",282.140814,49.3,"2M+NH4","C02642",3.49470885134577,-0.199999999999996,0.199999999999996,TRUE,""
"332","MELANIN",NA,"HILIC_283.05_152.8","HILIC",283.05,152.8,"HILIC",283.049698,155.071836,"M+H-2H2O","C05606",1.06695044074321,-2.27183599999998,2.27183599999998,FALSE,""
"333","BIOTIN",NA,"HILIC_283.05_152.8","HILIC",283.05,152.8,"HILIC",283.05136,155.071836,"M+K","C00120",-4.80478171868503,-2.27183599999998,2.27183599999998,FALSE,""
"334","Piperine",NA,"HILIC_286.1437_49.1","HILIC",286.1437,49.1,"HILIC",286.143769,48.8,"M+H","C03882",-0.241137524110553,0.300000000000004,0.300000000000004,TRUE,""
"335","1,11-Undecanedicarboxylate",NA,"HILIC_286.2013_79.9","HILIC",286.2013,79.9,"HILIC",286.201282,77.1,"M+ACN+H",NA,0.0628928000797627,2.80000000000001,2.80000000000001,TRUE,""
"336","Deoxycholic acid glycine conjugate","yes","HILIC_287.2046_79.1","HILIC",287.2046,79.1,"HILIC",287.204159,76.7,"M+3ACN+2H","C05464",1.53549308463688,2.39999999999999,2.39999999999999,FALSE,""
"337","Chenodeoxycholic acid glycine conjugate","yes","HILIC_287.2046_79.1","HILIC",287.2046,79.1,"HILIC",287.204159,76.7,"M+3ACN+2H","C05466",1.53549308463688,2.39999999999999,2.39999999999999,FALSE,""
"338","L-Octanoylcarnitine",NA,"HILIC_288.217_76.1","HILIC",288.217,76.1,"HILIC",288.216934,70.2,"M+H","C02838",0.228994178405549,5.89999999999999,5.89999999999999,TRUE,""
"339","2'-DEOXYURIDINE 5'-MONO-PHOS-PHATE",NA,"HILIC_291.038_153.2","HILIC",291.038,153.2,"HILIC",291.037712,155.09148,"M+H-H2O","C00365",0.989562479833659,-1.89148,1.89148,TRUE,""
"340","N-Methylnicotinamide",NA,"HILIC_295.1179_49.3","HILIC",295.1179,49.3,"HILIC",295.116546,49.5,"2M+Na",NA,4.58801791476674,-0.200000000000003,0.200000000000003,TRUE,""
"341","Glycerophosphocholine",NA,"HILIC_299.137_163.3","HILIC",299.137,163.3,"HILIC",299.136647,162.6,"M+ACN+H","C00670",1.18006270230827,0.700000000000017,0.700000000000017,TRUE,""
"342","Palmitoylethanolamide",NA,"HILIC_300.2897_71.1","HILIC",300.2897,71.1,"HILIC",300.289705,49.6,"M+H","C16512",-0.0166505876191115,21.5,21.5,TRUE,""
"343","1-METHYLADENOSINE",NA,"HILIC_304.1015_168.1","HILIC",304.1015,168.1,"HILIC",304.10162,166.948344,"M+Na","C02494",-0.394604935146645,1.151656,1.151656,TRUE,""
"344","Decanoylcarnitine",NA,"HILIC_316.2483_72.4","HILIC",316.2483,72.4,"HILIC",316.248234,63.7,"M+H","C03299",0.208696817409114,8.7,8.7,TRUE,""
"345","cis-4-hydroxycyclohexylacetic acid",NA,"HILIC_334.2223_91.7","HILIC",334.2223,91.7,"HILIC",334.222419,88.8,"2M+NH4",NA,-0.356050322236974,2.90000000000001,2.90000000000001,TRUE,""
"346","5'-METHYLTHIOADENOSINE",NA,"HILIC_336.0531_152.9","HILIC",336.0531,152.9,"HILIC",336.05276,154.60716,"M+K","C00170",1.0117458936931,-1.70715999999999,1.70715999999999,TRUE,""
"347","N(PAI)-METHYL-L-HISTIDINE",NA,"HILIC_339.178_178.8","HILIC",339.178,178.8,"HILIC",339.177476,204.303558,"2M+H","C01152",1.54491390809343,-25.503558,25.503558,TRUE,""
"348","LAUROYLCARNITINE",NA,"HILIC_344.2796_70","HILIC",344.2796,70,"HILIC",344.279576,57.995856,"M+H",NA,0.0697107864343636,12.004144,12.004144,TRUE,""
"349","Docosadienoate (22:2n6)",NA,"HILIC_354.3368_47.6","HILIC",354.3368,47.6,"HILIC",354.336661,46.9,"M+NH4","C16533",0.392282298980402,0.700000000000003,0.700000000000003,TRUE,""
"350","MELIBIOSE","yes","HILIC_365.1053_189.1","HILIC",365.1053,189.1,"HILIC",365.10542,187.118982,"M+Na",NA,-0.328672195502456,1.98101800000001,1.98101800000001,FALSE,""
"351","D-(+)-CELLOBIOSE","yes","HILIC_365.1053_189.1","HILIC",365.1053,189.1,"HILIC",365.10542,187.118982,"M+Na","C06422",-0.328672195502456,1.98101800000001,1.98101800000001,FALSE,""
"352","MALTOSE","yes","HILIC_365.1053_189.1","HILIC",365.1053,189.1,"HILIC",365.10542,187.118982,"M+Na","C00208",-0.328672195502456,1.98101800000001,1.98101800000001,FALSE,""
"353","SUCROSE","yes","HILIC_365.1053_189.1","HILIC",365.1053,189.1,"HILIC",365.10542,187.118982,"M+Na","C00089",-0.328672195502456,1.98101800000001,1.98101800000001,FALSE,""
"354","PALATINOSE","yes","HILIC_365.1053_189.1","HILIC",365.1053,189.1,"HILIC",365.10542,187.118982,"M+Na","C01742",-0.328672195502456,1.98101800000001,1.98101800000001,FALSE,""
"355","Tetradecanoylcarnitine",NA,"HILIC_372.3115_69","HILIC",372.3115,69,"HILIC",372.310835,62.8,"M+H",NA,1.78614194783329,6.2,6.2,TRUE,""
"356","S-(5'-ADENOSYL)-L-HOMOCYSTEINE",NA,"HILIC_385.1286_174.4","HILIC",385.1286,174.4,"HILIC",385.128876,189.572112,"M+H","C00021",-0.716643225644,-15.172112,15.172112,TRUE,""
"357","S-(5'-ADENOSYL)-L-HOMOCYSTEINE",NA,"HILIC_407.1106_175.3","HILIC",407.1106,175.3,"HILIC",407.11082,191.2815,"M+Na","C00021",-0.540393399549016,-15.9815,15.9815,TRUE,""
"358","Deoxycholic acid glycine conjugate",NA,"HILIC_414.3004_68.8","HILIC",414.3004,68.8,"HILIC",414.299721,61.7,"M+H-2H2O","C05464",1.63891010693641,7.09999999999999,7.09999999999999,TRUE,""
"359","N-alpha-Acetyl-L-lysine",NA,"HILIC_415.1936_50","HILIC",415.1936,50,"HILIC",415.195345,50.3,"2M+K","C12989",-4.20284095422901,-0.299999999999997,0.299999999999997,TRUE,""
"360","Tyrosol",NA,"HILIC_415.2114_49.2","HILIC",415.2114,49.2,"HILIC",415.211515,48.9,"3M+H","C06044",-0.276967270509995,0.300000000000004,0.300000000000004,TRUE,""
"361","Deoxycholic acid glycine conjugate",NA,"HILIC_432.3109_69","HILIC",432.3109,69,"HILIC",432.310835,61.6,"M-H2O+H","C05464",0.15035477888594,7.4,7.4,TRUE,""
"362","4-Hydroxycyclohexylcarboxylic acid",NA,"HILIC_433.2417_49.1","HILIC",433.2417,49.1,"HILIC",433.243209,49.3,"3M+H",NA,-3.48303209063953,-0.199999999999996,0.199999999999996,TRUE,""
"363","Arachidonoylcarnitine",NA,"HILIC_448.3425_68.6","HILIC",448.3425,68.6,"HILIC",448.342135,62.4,"M+H",NA,0.8141104114338,6.2,6.2,TRUE,""
"364","Taurocholic acid",NA,"HILIC_516.3013_129.9","HILIC",516.3013,129.9,"HILIC",516.29895,121.5,"M+H","C05122",4.55162653338446,8.40000000000001,8.40000000000001,TRUE,""
"365","PHYTIC ACID",NA,"HILIC_624.8471_172","HILIC",624.8471,172,"HILIC",624.846998,163.15908,"M+H-2H2O","C01204",0.163239961616729,8.84092000000001,8.84092000000001,TRUE,""
"366","4-AMINOBUTANOATE",NA,"HILIC_87.0441_73.3","HILIC",87.0441,73.3,"HILIC",87.044027,88.50321,"M+H-NH3","C00334",0.838656051614361,-15.20321,15.20321,TRUE,""
"367","N-Acetylmuramate",NA,"HILIC_880.3435_170.9","HILIC",880.3435,170.9,"HILIC",880.340476,169.6,"3M+H","C02713",3.43503460584056,1.30000000000001,1.30000000000001,TRUE,""
"368","2-METHYLPROPANAL OXIME",NA,"HILIC_90.0914_138.7","HILIC",90.0914,138.7,"HILIC",90.09133,135.297144,"M+NH4","C03219",0.776989306227328,3.40285599999999,3.40285599999999,TRUE,""
"369","FORMATE",NA,"HILIC_90.9766_170.4","HILIC",90.9766,170.4,"HILIC",90.976664,165.85449,"M+2Na-H","C00058",-0.703477102597815,4.54551000000001,4.54551000000001,TRUE,""
"370","Imidazolepropionic acid",NA,"HILIC_95.0604_166.6","HILIC",95.0604,166.6,"HILIC",95.060375,148,"M+H-CH2O2","C20522",0.262990757273315,18.6,18.6,TRUE,""
