"feature","identified_name","mean_no_severe_pgd","mean_severe_pgd","mean_overall","fold_change","p_value","p_value_fdr","unique_vals_no_severe","unique_vals_severe","unique_vals","unique_percentage","low_detect_likely","isomer","multi_mode_detection","n_no_severe_pgd","n_severe_pgd","sw_p_value","cv","gap_ratio","sig_ord","in_annot","annot_sig","annot_name","sig_ord_annot"
"HILIC_174.1125_69.8","N-ACETYL-L-LEUCINE",16.6190945026159,17.4790991665345,16.7300628463473,1.81504417826712,0.00196492365743263,0.538389082136541,"54/54","8/8","62/62",100,"N",NA,"",54,8,2.22063467227633e-08,0.104248229143391,110.278644810463,1,"Y","Y","Acetylleucine",35
"C18_112.9857_50.6","FORMATE",25.5986605171609,25.391901418717,25.5719819238133,0.866481529609856,0.00572621373749378,0.557976806861227,"54/54","8/8","62/62",100,"N",NA,"",54,8,0.00548776636646124,0.00622194326103529,11.2299010255218,2,"N","N",NA,NA
"C18_115.0402_58.3","Levulinic acid",19.4615989798809,19.794520247485,19.5045565627975,1.25956123986206,0.0070843946475876,0.557976806861227,"54/54","8/8","62/62",100,"N",NA,"",54,8,0.221308444830849,0.0224045296227358,5.78573631867209,3,"Y","Y","Î±-Ketoisovalerate",61
"HILIC_114.055_75.6","N-ACETYL-L-ALANINE",16.6882372336736,17.6696557597037,16.8148718821937,1.97440578408851,0.00814564681549236,0.557976806861227,"51/54","8/8","59/62",95.2,"N","yes -but different time","",54,8,0.000208577145577267,0.0826799954585932,20.0212172422941,4,"Y","N",NA,NA
"C18_197.0433_58.4","4-METHYL-2-OXO-PENTANOIC ACID",17.2917548179493,17.711795026093,17.345953554484,1.33796484356267,0.0142555817290449,0.73633562055358,"54/54","8/8","62/62",100,"N",NA,"",54,8,0.170025296578162,0.0309711531809588,16.7483108512857,5,"N","N",NA,NA
"C18_367.056_48.3","2'-DEOXYURIDINE 5'-MONO-PHOS-PHATE",17.3911385229826,17.1669558869461,17.362211731236,0.85607990340353,0.0184417726622089,0.73633562055358,"54/54","8/8","62/62",100,"N",NA,"",54,8,0.820024470108284,0.0162206103344345,24.2158280071917,6,"Y","Y","dTMP",104
"C18_367.056_48.3","THYMIDINE 5'-MONOPHOSPHATE",17.3911385229826,17.1669558869461,17.362211731236,0.85607990340353,0.0184417726622089,0.73633562055358,"54/54","8/8","62/62",100,"N",NA,"",54,8,0.820024470108284,0.0162206103344345,24.2158280071917,7,"Y","Y","dTMP",104
"HILIC_118.0863_164.5","Propionylcarnitine",26.9773433540325,27.2470871702139,27.0121490077333,1.20559372767672,0.0258299749330237,0.73633562055358,"54/54","8/8","62/62",100,"N",NA,"",54,8,0.266096812569654,0.0189080622780856,12.5551796260568,8,"Y","Y","Betaine",132
"HILIC_118.0863_164.5","5-Aminopentanoic acid",26.9773433540325,27.2470871702139,27.0121490077333,1.20559372767672,0.0258299749330237,0.73633562055358,"54/54","8/8","62/62",100,"N",NA,"",54,8,0.266096812569654,0.0189080622780856,12.5551796260568,9,"Y","Y","Betaine",132
"HILIC_112.0869_189.5","HISTAMINE",14.8551256609878,15.3453741828114,14.9183835347715,1.40468682934304,0.0290912326165535,0.73633562055358,"54/54","8/8","62/62",100,"N",NA,"",54,8,0.249599717824592,0.0502859878524001,10.0024159902694,10,"N","N",NA,NA
"C18_311.0491_58.4","URIDINE",14.4257656965845,13.8394812073568,14.3501160850712,0.666056058065663,0.0315681818110306,0.73633562055358,"54/54","8/8","62/62",100,"N",NA,"",54,8,0.000414308582172479,0.066264160007207,43.3831934453005,11,"N","N",NA,NA
"HILIC_180.0866_180.9","D-(+)-GLUCOSAMINE",15.1220873943513,16.2492523216206,15.267528030128,2.1842907828765,0.0343411186647805,0.73633562055358,"48/54","8/8","56/62",90.3,"N","yes","",54,8,2.66422697103972e-09,0.14767032712408,66.3687920432034,12,"Y","Y","Kanosamine",84
"HILIC_180.0866_180.9","D-MANNOSAMINE",15.1220873943513,16.2492523216206,15.267528030128,2.1842907828765,0.0343411186647805,0.73633562055358,"48/54","8/8","56/62",90.3,"N","yes","",54,8,2.66422697103972e-09,0.14767032712408,66.3687920432034,13,"Y","Y","Kanosamine",84
"HILIC_448.3425_68.6","Arachidonoylcarnitine",18.4270697169623,19.0830214873069,18.5117086550713,1.57565509667495,0.0346630970840189,0.73633562055358,"54/54","8/8","62/62",100,"N",NA,"",54,8,0.0234060527879612,0.0555117405033148,23.9771592310908,14,"N","N",NA,NA
"HILIC_110.0601_62.9","2-AMINOPHENOL",16.9900732628155,18.0868431483528,17.1315919577236,2.13875301063276,0.036400991574325,0.73633562055358,"52/54","8/8","60/62",96.8,"N",NA,"",54,8,0.131280859309381,0.106181070081757,14.4345328098954,15,"Y","N",NA,NA
"C18_118.0298_146.2","SALICYLAMIDE",15.7988341120971,16.1918050505906,15.8495400396446,1.31309467430825,0.037382207172512,0.73633562055358,"54/54","8/8","62/62",100,"N",NA,"",54,8,5.12718818192896e-06,0.0407040214219597,45.1538929657106,16,"N","N",NA,NA
"HILIC_166.0863_154.5","1,3-Dihydro-(2H)-indol-2-one",23.728667494311,24.095064518175,23.7759445296483,1.28912934487776,0.0429289830814156,0.73633562055358,"54/54","8/8","62/62",100,"N",NA,"",54,8,0.0180580090055425,0.0204075143390524,44.190557719748,17,"Y","Y","Phenylalanine",179
"HILIC_166.0863_154.5","1,3-Dihydro-(2H)-indol-2-one",23.728667494311,24.095064518175,23.7759445296483,1.28912934487776,0.0429289830814156,0.73633562055358,"54/54","8/8","62/62",100,"N",NA,"",54,8,0.0180580090055425,0.0204075143390524,44.190557719748,18,"Y","Y","Phenylalanine",179
"HILIC_166.0863_154.5","DL-NORMETANEPHRINE",23.728667494311,24.095064518175,23.7759445296483,1.28912934487776,0.0429289830814156,0.73633562055358,"54/54","8/8","62/62",100,"N",NA,"",54,8,0.0180580090055425,0.0204075143390524,44.190557719748,19,"Y","Y","Phenylalanine",179
"C18_541.3344_164.9","ESTRADIOL-17ALPHA",16.8771108455673,17.6430758909182,16.9759450449675,1.70050711852443,0.0448914215884923,0.73633562055358,"54/54","8/8","62/62",100,"N",NA,"",54,8,0.164701838422645,0.07358763143958,23.8595203940359,20,"N","N",NA,NA
"HILIC_124.0394_76.7","NICOTINATE",16.9449155874772,17.6756736252986,17.0392069471961,1.65951082231443,0.0469141905175163,0.73633562055358,"52/54","8/8","60/62",96.8,"N",NA,"",54,8,6.71843132379268e-06,0.0682025048935585,77.89719060579,21,"Y","N",NA,NA
"HILIC_203.0152_133.3","ALLANTOIN",15.8083853924241,16.9182311073332,15.951591291122,2.15822565510394,0.0482025387546309,0.73633562055358,"47/54","8/8","55/62",88.7,"N",NA,"",54,8,3.55119955473166e-05,0.119574930287051,34.110114954595,22,"N","N",NA,NA
"HILIC_344.2796_70","LAUROYLCARNITINE",21.4978405526034,21.9463390954014,21.5557113323192,1.36461931608584,0.0483724130290673,0.73633562055358,"54/54","8/8","62/62",100,"N",NA,"",54,8,0.127455598221576,0.0365013794910267,22.8479300100127,23,"N","N",NA,NA
"C18_215.165_168","OMEGA-HYDROXYDODECANOIC ACID",21.1668642064913,21.3644364519097,21.1923573994485,1.14676696098627,0.0620980244103084,0.776673805174359,"54/54","8/8","62/62",100,"N",NA,"",54,8,0.107317672545813,0.0120162691363603,43.2460340884261,24,"Y","N",NA,NA
"HILIC_156.0421_163.2","5-Aminopentanoic acid",25.5724217292164,25.8259540935865,25.6051355826835,1.19212239476491,0.0630353783509451,0.776673805174359,"54/54","8/8","62/62",100,"N",NA,"",54,8,0.975719988522473,0.0195515591970706,11.340407818128,25,"Y","N",NA,NA
"HILIC_156.0421_163.2","1,3-Dihydro-(2H)-indol-2-one",25.5724217292164,25.8259540935865,25.6051355826835,1.19212239476491,0.0630353783509451,0.776673805174359,"54/54","8/8","62/62",100,"N",NA,"",54,8,0.975719988522473,0.0195515591970706,11.340407818128,26,"Y","N",NA,NA
"HILIC_316.2483_72.4","Decanoylcarnitine",23.2563157948158,23.8036092212544,23.326934301453,1.46134156723525,0.0646068359292373,0.776673805174359,"54/54","8/8","62/62",100,"N",NA,"",54,8,0.00580357252774782,0.0372051984326787,37.3055294180482,27,"N","N",NA,NA
"C18_163.0613_50.6","1,5-Anhydrosorbitol",16.9634339426226,15.5275544994639,16.7781591757634,0.369621493443419,0.0658313352797419,0.776673805174359,"54/54","8/8","62/62",100,"N",NA,"",54,8,0.0001759324289461,0.071794251331737,30.6984314437581,28,"Y","N",NA,NA
"C18_163.0613_50.6","3-Hydroxyisovaleric acid",16.9634339426226,15.5275544994639,16.7781591757634,0.369621493443419,0.0658313352797419,0.776673805174359,"54/54","8/8","62/62",100,"N",NA,"",54,8,0.0001759324289461,0.071794251331737,30.6984314437581,29,"Y","N",NA,NA
"C18_163.0613_50.6","6-DEOXY-L-GALACTOSE (FUCOSE)",16.9634339426226,15.5275544994639,16.7781591757634,0.369621493443419,0.0658313352797419,0.776673805174359,"54/54","8/8","62/62",100,"N","yes","",54,8,0.0001759324289461,0.071794251331737,30.6984314437581,30,"Y","N",NA,NA
"C18_163.0613_50.6","L-RHAMNOSE",16.9634339426226,15.5275544994639,16.7781591757634,0.369621493443419,0.0658313352797419,0.776673805174359,"54/54","8/8","62/62",100,"N","yes","",54,8,0.0001759324289461,0.071794251331737,30.6984314437581,31,"Y","N",NA,NA
"C18_212.016_58.8","FORMYL-L-METHIONYL PEPTIDE",15.5848968236669,15.1755382880471,15.5320763674579,0.752958086460121,0.0741320389637431,0.776673805174359,"54/54","8/8","62/62",100,"N",NA,"",54,8,0.720125303071878,0.0285400220786801,10.1002801782717,32,"N","N",NA,NA
"HILIC_124.0869_192.6","L-HISTIDINOL",18.4654853765694,19.0961221285927,18.5468578607014,1.54824818202486,0.0744307051523741,0.776673805174359,"54/54","8/8","62/62",100,"N",NA,"",54,8,3.10099256716211e-07,0.06760590867826,95.521898171272,33,"N","N",NA,NA
"C18_177.0921_161.2","5-Phenylvaleric acid",17.6505505594996,17.402532586475,17.6185482403997,0.842052463294427,0.0754262300148651,0.776673805174359,"54/54","8/8","62/62",100,"N",NA,"",54,8,0.0150913365748402,0.0251175222365569,39.6412082902026,34,"N","N",NA,NA
"C18_164.0354_59.8","4-PYRIDOXATE",15.2843108285761,16.0237462068959,15.3797218451335,1.66952231683497,0.0778906239663216,0.776673805174359,"54/54","8/8","62/62",100,"N",NA,"",54,8,0.0359783731366232,0.0624797233839297,5.49351681604225,35,"Y","N",NA,NA
"HILIC_372.3115_69","Tetradecanoylcarnitine",20.3243849051947,20.7081622925206,20.3739045680755,1.30475360430667,0.0785458177798741,0.776673805174359,"54/54","8/8","62/62",100,"N",NA,"",54,8,0.563396880901201,0.034544597401304,23.8589624396358,36,"N","N",NA,NA
"C18_188.0564_19","N-ACETYL-DL-GLUTAMIC ACID",17.6205548620668,17.7311178675792,17.6348210563265,1.0796494828547,0.0793681260762118,0.776673805174359,"54/54","8/8","62/62",100,"N",NA,"",54,8,0.0772360255125796,0.0109304933317606,28.1309120797797,37,"Y","N",NA,NA
"C18_211.0827_56","1-Deoxy-D-glucitol",15.4503236089145,16.0968828196264,15.5337506038451,1.56543023064147,0.0924141129574608,0.854030711537452,"52/54","8/8","60/62",96.8,"N",NA,"",54,8,0.00088496889370401,0.0848181294311956,21.7718120289052,38,"Y","N",NA,NA
"C18_182.0459_58.7","4-PYRIDOXATE",18.1508823958273,19.0305874779983,18.2643927290107,1.83999912749089,0.0999107461283,0.854030711537452,"54/54","8/8","62/62",100,"N",NA,"",54,8,0.000205507621924681,0.0599652608184809,39.2530242546603,39,"Y","N",NA,NA
"C18_299.1132_153.9","3-Carboxy-4-methyl-5-propyl-2-furanpropionic acid",16.1834124976277,16.6458243670689,16.2430785452975,1.37784334542064,0.100645441649689,0.854030711537452,"54/54","8/8","62/62",100,"N",NA,"",54,8,0.00494913616978362,0.0443780223977766,28.4877523298875,40,"Y","N",NA,NA
"C18_156.0667_58.5","Levulinic acid",15.745312251586,15.2800673135422,15.6852806466772,0.724348088384628,0.107748391496509,0.854030711537452,"54/54","8/8","62/62",100,"N",NA,"",54,8,0.000109510470353968,0.0548913297155435,55.1118252759834,41,"N","N",NA,NA
"C18_167.0349_133.2","3,4-DIHYDROXYPHENYLACETATE",15.2293127413171,15.7281738845833,15.2936819210934,1.41309762929966,0.108188551104433,0.854030711537452,"51/54","8/8","59/62",95.2,"N",NA,"",54,8,1.13730931294854e-05,0.108298602635959,51.8137760098802,42,"N","N",NA,NA
"HILIC_174.0503_171.7","PIPECOLATE",15.3353278558076,16.6423850396384,15.5039803956567,2.47436303129076,0.114654184266216,0.854030711537452,"50/54","8/8","58/62",93.5,"N",NA,"",54,8,0.000145266732986511,0.157299086297708,29.5727547877121,43,"N","N",NA,NA
"HILIC_175.0342_70.5","4-METHYL-2-OXO-PENTANOIC ACID",17.6087016629116,18.1248004293393,17.6752950521281,1.43008288601424,0.121159034991959,0.854030711537452,"54/54","8/8","62/62",100,"N","yes -but different time","",54,8,1.20014601227632e-05,0.0568599316286183,23.5049097753666,44,"N","N",NA,NA
"HILIC_189.074_154.9","3,4-Dihydroxyhydrocinnamic acid",20.9573847487687,21.2075222622195,20.9896605569559,1.18932047213185,0.121681648108629,0.854030711537452,"54/54","8/8","62/62",100,"N",NA,"",54,8,0.31630488209396,0.021101794383991,13.5305481764247,45,"N","N",NA,NA
"HILIC_189.074_154.9","1-Deoxy-D-glucitol",20.9573847487687,21.2075222622195,20.9896605569559,1.18932047213185,0.121681648108629,0.854030711537452,"54/54","8/8","62/62",100,"N",NA,"",54,8,0.31630488209396,0.021101794383991,13.5305481764247,46,"N","N",NA,NA
"HILIC_299.137_163.3","Glycerophosphocholine",18.5252221778025,19.9440450154051,18.7082960923319,2.67367264467542,0.121776387922666,0.854030711537452,"48/54","8/8","56/62",90.3,"N",NA,"",54,8,1.63169098199397e-06,0.167410401222604,61.8206440805241,47,"N","N",NA,NA
"C18_407.2798_192.3","CHOLATE",14.9845559029497,15.3107829108952,15.0266497104266,1.25373027927685,0.127889272686623,0.854030711537452,"51/54","8/8","59/62",95.2,"N",NA,"",54,8,1.41070655400055e-07,0.0862705609449416,52.1496426525209,48,"N","N",NA,NA
"HILIC_273.1212_163.2","5-Aminopentanoic acid",19.6730595602542,20.1130760199601,19.7298358776356,1.35661980503307,0.130888442469264,0.854030711537452,"54/54","8/8","62/62",100,"N",NA,"",54,8,0.842433588271372,0.0547724809794679,9.26579413404834,49,"N","N",NA,NA
"C18_218.1032_58.4","D-PANTOTHENIC ACID",15.4947040091508,15.9347200973436,15.551480278595,1.35661945568545,0.131758841869058,0.854030711537452,"54/54","8/8","62/62",100,"N",NA,"",54,8,0.29514876052005,0.0415910686067597,16.2807301820243,50,"Y","N",NA,NA
"HILIC_154.0975_148.1","N-Acetylhistamine",15.744308954333,16.1364944814233,15.7949135384736,1.31238001263389,0.135437429079332,0.854030711537452,"54/54","8/8","62/62",100,"N",NA,"",54,8,0.000208839953960467,0.059151189415252,18.881671659813,51,"Y","N",NA,NA
"HILIC_112.0506_150.9","CYTOSINE",16.9513873158881,17.4967345602342,17.0217547022553,1.45937156021268,0.136012331717778,0.854030711537452,"54/54","8/8","62/62",100,"N",NA,"",54,8,6.90276135727697e-05,0.0582938953384525,85.2128612940282,52,"N","N",NA,NA
"HILIC_140.0682_171.1","5-Aminopentanoic acid",21.9494748576487,22.0978167950599,21.9686157527985,1.10829499700755,0.137143617911124,0.854030711537452,"54/54","8/8","62/62",100,"N",NA,"",54,8,0.315409223882066,0.0142132762197488,9.82916584836426,53,"N","N",NA,NA
"HILIC_140.0682_171.1","1,3-Dihydro-(2H)-indol-2-one",21.9494748576487,22.0978167950599,21.9686157527985,1.10829499700755,0.137143617911124,0.854030711537452,"54/54","8/8","62/62",100,"N","yes","",54,8,0.315409223882066,0.0142132762197488,9.82916584836426,54,"N","N",NA,NA
"HILIC_140.0682_171.1","BETAINE",21.9494748576487,22.0978167950599,21.9686157527985,1.10829499700755,0.137143617911124,0.854030711537452,"54/54","8/8","62/62",100,"N","yes","",54,8,0.315409223882066,0.0142132762197488,9.82916584836426,55,"N","N",NA,NA
"HILIC_146.0601_155","3-Oxindole-3-acetate",20.1502807544262,20.4198580685043,20.1850649239847,1.20545459757452,0.140767663760242,0.857118663784582,"54/54","8/8","62/62",100,"N",NA,"",54,8,0.316721651912415,0.0227174367975841,26.8542201820779,56,"N","N",NA,NA
"HILIC_120.0027_177.6","GLYCINE",18.4671489448594,18.2670670454843,18.4413319255852,0.870501145005045,0.144886347521413,0.863018678714505,"54/54","8/8","62/62",100,"N",NA,"",54,8,0.53980450891841,0.012889952470862,29.1437133247199,57,"Y","N",NA,NA
"HILIC_95.0604_166.6","Imidazolepropionic acid",16.3835093167981,16.7634385410335,16.4325324425059,1.30127801575094,0.16274217557277,0.926814095010599,"54/54","8/8","62/62",100,"N",NA,"",54,8,0.25121258442931,0.0305079666501631,19.5172781680422,58,"N","N",NA,NA
"HILIC_516.3013_129.9","Taurocholic acid",15.0807843799068,13.0855939095005,14.8233404482415,0.250834818718806,0.166168138800255,0.926814095010599,"50/54","6/8","56/62",90.3,"N",NA,"",54,8,2.56253575774239e-06,0.18545235312322,21.8924245233262,59,"Y","N",NA,NA
"HILIC_288.217_76.1","L-Octanoylcarnitine",22.903939608712,23.337506834412,22.9598837668669,1.35056888512563,0.168841919309523,0.926814095010599,"54/54","8/8","62/62",100,"N",NA,"",54,8,0.00126696633240596,0.0348196851671359,36.5311587379457,60,"Y","N",NA,NA
"HILIC_131.118_155.8","N-ACETYLPUTRESCINE",18.1535202806954,18.8629125050405,18.2450547612561,1.63511513399574,0.169126659673467,0.926814095010599,"54/54","8/8","62/62",100,"N",NA,"",54,8,2.137226185588e-05,0.0808699303047062,50.339164443756,61,"Y","N",NA,NA
"C18_165.0557_140.1","PHENYLACETALDEHYDE",17.3804554036433,17.0967271761536,17.3438453097737,0.821465432479724,0.174440279593673,0.937188953111104,"54/54","8/8","62/62",100,"N",NA,"",54,8,9.39624410386056e-06,0.0231907787414364,23.1079829724988,62,"Y","N",NA,NA
"C18_165.0557_140.1","3-(2-HYDROXYPHENYL)PROPANOATE",17.3804554036433,17.0967271761536,17.3438453097737,0.821465432479724,0.174440279593673,0.937188953111104,"54/54","8/8","62/62",100,"N",NA,"",54,8,9.39624410386056e-06,0.0231907787414364,23.1079829724988,63,"Y","N",NA,NA
"C18_165.0557_140.1","BENZALDEHYDE",17.3804554036433,17.0967271761536,17.3438453097737,0.821465432479724,0.174440279593673,0.937188953111104,"54/54","8/8","62/62",100,"N",NA,"",54,8,9.39624410386056e-06,0.0231907787414364,23.1079829724988,64,"Y","N",NA,NA
"C18_165.0557_140.1","4-HYDROXY-3-METHOXYPHENYLGLYCOL",17.3804554036433,17.0967271761536,17.3438453097737,0.821465432479724,0.174440279593673,0.937188953111104,"54/54","8/8","62/62",100,"N",NA,"",54,8,9.39624410386056e-06,0.0231907787414364,23.1079829724988,65,"Y","N",NA,NA
"HILIC_415.1936_50","N-alpha-Acetyl-L-lysine",18.6837613520476,19.0196005409686,18.7270954409406,1.26211134208892,0.186746902150921,0.944431752443063,"54/54","8/8","62/62",100,"N",NA,"",54,8,0.607235183576421,0.0286574131666043,31.9762684839313,66,"N","N",NA,NA
"C18_187.1339_155.2","10-HYDROXYDECANOATE",20.7876164008559,20.9265427434423,20.8055423805444,1.10108538027692,0.192989396911723,0.944431752443063,"54/54","8/8","62/62",100,"N",NA,"",54,8,0.671153023573275,0.0143354970944669,13.6158643247447,67,"N","N",NA,NA
"C18_207.0774_58.5","KYNURENINE",15.8054307882348,15.2545150372764,15.7343448848853,0.682586718785533,0.194062546158345,0.944431752443063,"54/54","8/8","62/62",100,"N","yes","",54,8,0.290710249191508,0.053650520052121,15.3117263864157,68,"Y","N",NA,NA
"HILIC_182.0578_162.6","Proline betaine",24.2881463628831,25.3454331076932,24.4245704589876,2.08101410672435,0.194936680177864,0.944431752443063,"51/54","8/8","59/62",95.2,"N",NA,"",54,8,1.88541923810555e-05,0.112114902461752,31.179693263874,69,"Y","N",NA,NA
"HILIC_240.967_170.4","4-Hydroxycinnamic acid",22.5341199113664,22.4135047274627,22.5185566618304,0.919795354304988,0.20213451540162,0.944431752443063,"54/54","8/8","62/62",100,"N",NA,"",54,8,0.951667817767587,0.00820321020883807,25.809037581421,70,"N","N",NA,NA
"HILIC_168.0632_74.6","4-ACETAMIDOBUTANOATE",15.9583135942359,16.8356729146704,16.0715212484855,1.837009796865,0.20486293736553,0.944431752443063,"51/54","8/8","59/62",95.2,"N",NA,"",54,8,7.53060616405211e-12,0.210769397941521,174.552137105854,71,"N","N",NA,NA
"C18_144.0667_57.6","4-ACETAMIDOBUTANOATE",17.4234031816003,16.6521363933278,17.3238848863394,0.585902784602256,0.209406244416832,0.944431752443063,"54/54","8/8","62/62",100,"N",NA,"",54,8,0.00942460183756416,0.0590665640930932,27.3787676093634,72,"Y","N",NA,NA
"C18_158.0611_158.5","INDOLE-3-ACETALDEHYDE",17.3972597281657,18.0320358801388,17.4791663284203,1.55269681544943,0.213805888205392,0.944431752443063,"52/54","8/8","60/62",96.8,"N",NA,"",54,8,0.000877841551958619,0.079149309932708,26.0364389091699,73,"Y","N",NA,NA
"C18_151.0401_59.5","4-HYDROXYPHENYLACETATE",17.4900879693665,17.8389991499142,17.5351087668565,1.27359906384642,0.219253904799449,0.944431752443063,"54/54","8/8","62/62",100,"N","yes","",54,8,0.00160379648413531,0.0539878814474171,20.6592187549411,74,"Y","N",NA,NA
"C18_151.0401_59.5","MANDELIC ACID",17.4900879693665,17.8389991499142,17.5351087668565,1.27359906384642,0.219253904799449,0.944431752443063,"54/54","8/8","62/62",100,"N","yes","",54,8,0.00160379648413531,0.0539878814474171,20.6592187549411,75,"Y","N",NA,NA
"C18_151.0401_59.5","2-HYDROXYPHENYLACETIC ACID",17.4900879693665,17.8389991499142,17.5351087668565,1.27359906384642,0.219253904799449,0.944431752443063,"54/54","8/8","62/62",100,"N","yes -but different RT","",54,8,0.00160379648413531,0.0539878814474171,20.6592187549411,76,"Y","N",NA,NA
"C18_151.0401_59.5","3,4-DIHYDROXYPHENYL GLYCOL",17.4900879693665,17.8389991499142,17.5351087668565,1.27359906384642,0.219253904799449,0.944431752443063,"54/54","8/8","62/62",100,"N",NA,"",54,8,0.00160379648413531,0.0539878814474171,20.6592187549411,77,"Y","N",NA,NA
"HILIC_90.0914_138.7","2-METHYLPROPANAL OXIME",16.8562001630711,17.3782476437045,16.9235611283141,1.43599176986736,0.222475842514707,0.944431752443063,"54/54","8/8","62/62",100,"N",NA,"",54,8,0.71747584604812,0.0468178821192878,20.5753958014503,78,"Y","N",NA,NA
"C18_411.239_168.8","3-ALPHA,11-BETA,17-ALPHA,21-TETRAHYDROXY- 5-ALPHA-PREGNAN-20-ONE",18.1409153594604,18.4453094300422,18.180192013729,1.234899872387,0.222762220561626,0.944431752443063,"54/54","8/8","62/62",100,"N",NA,"",54,8,0.203233487388398,0.0366077231931641,55.682350862041,79,"Y","N",NA,NA
"HILIC_144.102_164","Proline betaine",26.1282330764504,27.0261326308458,26.2440910834691,1.86335112090319,0.225333330044518,0.944431752443063,"51/54","8/8","59/62",95.2,"N",NA,"",54,8,0.00521919056386196,0.0869883620304645,31.5579537488759,80,"Y","N",NA,NA
"HILIC_144.102_164","Isovalerylcarnitine",26.1282330764504,27.0261326308458,26.2440910834691,1.86335112090319,0.225333330044518,0.944431752443063,"51/54","8/8","59/62",95.2,"N",NA,"",54,8,0.00521919056386196,0.0869883620304645,31.5579537488759,81,"Y","N",NA,NA
"HILIC_144.102_164","13-Methylmyristic acid",26.1282330764504,27.0261326308458,26.2440910834691,1.86335112090319,0.225333330044518,0.944431752443063,"51/54","8/8","59/62",95.2,"N",NA,"",54,8,0.00521919056386196,0.0869883620304645,31.5579537488759,82,"Y","N",NA,NA
"HILIC_118.061_178.1","GUANIDINOACETATE",14.8801436759677,15.2731361594626,14.9308523835154,1.31311428402268,0.226563741044885,0.944431752443063,"54/54","8/8","62/62",100,"N",NA,"",54,8,0.374590095851908,0.0866878145929016,20.0485077568783,83,"N","N",NA,NA
"HILIC_90.9766_170.4","FORMATE",24.8953982548278,24.7954998639789,24.8825081398796,0.933098707454726,0.227529701983597,0.944431752443063,"54/54","8/8","62/62",100,"N",NA,"",54,8,0.715128746969933,0.00655678572911753,21.3355174227628,84,"N","N",NA,NA
"C18_131.0714_132.4","PRENOL",16.4336663695726,16.734658990846,16.4725041271563,1.23199177235408,0.231573984788443,0.944431752443063,"54/54","8/8","62/62",100,"N","yes","",54,8,0.00231388062877676,0.0296226548789425,38.1621992191494,85,"N","N",NA,NA
"C18_131.0714_132.4","3-METHYLBUTANAL",16.4336663695726,16.734658990846,16.4725041271563,1.23199177235408,0.231573984788443,0.944431752443063,"54/54","8/8","62/62",100,"N","yes","",54,8,0.00231388062877676,0.0296226548789425,38.1621992191494,86,"N","N",NA,NA
"C18_131.0714_132.4","2-METHYLPROPANAL OXIME",16.4336663695726,16.734658990846,16.4725041271563,1.23199177235408,0.231573984788443,0.944431752443063,"54/54","8/8","62/62",100,"N","yes","",54,8,0.00231388062877676,0.0296226548789425,38.1621992191494,87,"N","N",NA,NA
"C18_131.0714_132.4","BUTANAL",16.4336663695726,16.734658990846,16.4725041271563,1.23199177235408,0.231573984788443,0.944431752443063,"54/54","8/8","62/62",100,"N","yes","",54,8,0.00231388062877676,0.0296226548789425,38.1621992191494,88,"N","N",NA,NA
"C18_172.098_58.3","N-ACETYL-L-LEUCINE",16.8557309996565,17.0207136177296,16.8770190794079,1.12115257003906,0.234141571345299,0.944431752443063,"54/54","8/8","62/62",100,"N",NA,"",54,8,2.1235281949408e-05,0.0162570584170581,44.0168285182507,89,"Y","N",NA,NA
"HILIC_220.0668_190.8","CITRULLINE",16.0340837195862,16.4986869934702,16.0940325291196,1.37993783267979,0.241735367012743,0.944431752443063,"54/54","8/8","62/62",100,"N",NA,"",54,8,0.125663147389999,0.0721586607628083,15.3053655789283,90,"N","N",NA,NA
"HILIC_159.0764_190.4","Imidazolepropionic acid",17.6177343899996,18.3151895455903,17.7077286036242,1.62164177053618,0.242192823381014,0.944431752443063,"54/54","8/8","62/62",100,"N","yes","",54,8,0.86488806490299,0.0782299972121897,13.6160622989425,91,"Y","N",NA,NA
"HILIC_159.0764_190.4","Methylimidazoleacetic acid",17.6177343899996,18.3151895455903,17.7077286036242,1.62164177053618,0.242192823381014,0.944431752443063,"54/54","8/8","62/62",100,"N","yes","",54,8,0.86488806490299,0.0782299972121897,13.6160622989425,92,"Y","N",NA,NA
"C18_405.1911_151.9","CORTISONE",16.0876070085739,16.4797729452511,16.1382090649194,1.3123621918947,0.250814120202154,0.944431752443063,"54/54","8/8","62/62",100,"N",NA,"",54,8,2.52957591571888e-05,0.0692305998982195,21.4543842928813,93,"N","N",NA,NA
"HILIC_354.3368_47.6","Docosadienoate (22:2n6)",17.1517004658039,15.5669557655132,16.9472172786696,0.333383659716844,0.252003455712445,0.944431752443063,"53/54","6/8","59/62",95.2,"N",NA,"",54,8,5.9111035672199e-05,0.131180016264768,31.0011734927237,94,"N","N",NA,NA
"C18_199.0369_53.3","1,5-Anhydrosorbitol",18.8029085830648,18.5318483049541,18.7679330633086,0.828710278921151,0.265256856475379,0.944431752443063,"54/54","8/8","62/62",100,"N",NA,"",54,8,0.200718391976246,0.0284708166508823,6.62106820267716,95,"Y","N",NA,NA
"HILIC_158.1176_65.8","Isocaproic acid",18.0601175618049,17.3318115133016,17.9661425878044,0.60361223387891,0.265288157312623,0.944431752443063,"54/54","8/8","62/62",100,"N",NA,"",54,8,0.000187679007411338,0.0579053411725909,47.4477902538514,96,"N","N",NA,NA
"C18_479.3223_178.7","Hydroxyoctanoic acid",17.5750217025812,17.4065559938062,17.5532841917715,0.889788458970002,0.267729472738595,0.944431752443063,"54/54","8/8","62/62",100,"N",NA,"",54,8,0.000255980037929527,0.0226037683371673,85.6360635481884,97,"N","N",NA,NA
"C18_202.072_58.5","N-ACETYL-D-GALACTOSAMINE",14.7843612248078,15.0395058936193,14.8172831175577,1.19345541289602,0.267995198764106,0.944431752443063,"54/54","8/8","62/62",100,"N",NA,"",54,8,0.252943356343041,0.0393265075666882,20.533859032483,98,"Y","N",NA,NA
"C18_147.0298_14.5","Citramalic acid",16.4949099605878,16.202870770938,16.457227484504,0.816746804538973,0.269671654868613,0.944431752443063,"54/54","8/8","62/62",100,"N",NA,"",54,8,1.89879356951607e-09,0.0312570538089951,63.2161653064675,99,"Y","N",NA,NA
"C18_176.0387_58.5","FORMYL-L-METHIONYL PEPTIDE",15.1996622636887,15.807303493989,15.2780675837274,1.52376585281376,0.27053691878939,0.944431752443063,"54/54","8/8","62/62",100,"N",NA,"",54,8,1.08046062549869e-05,0.069211477525921,31.4504834859021,100,"N","N",NA,NA
"HILIC_334.2223_91.7","cis-4-hydroxycyclohexylacetic acid",16.5858509873633,15.4609964152284,16.4407084619266,0.458548242272047,0.280120389507765,0.944431752443063,"54/54","8/8","62/62",100,"N",NA,"",54,8,3.94001940400372e-08,0.0998084832706226,32.8160455558938,101,"N","N",NA,NA
"HILIC_175.0866_84.1","INDOLE-3-ACETAMIDE",16.0159165502144,16.2785517220681,16.0498049594859,1.19966797245355,0.28175136201333,0.944431752443063,"54/54","8/8","62/62",100,"N",NA,"",54,8,4.17264798655545e-06,0.0584799538303879,51.3639072216946,102,"N","N",NA,NA
"C18_253.217_209.8","Palmitoleic acid",23.0945860421145,23.5054223551868,23.1475971792852,1.3294562606704,0.292622480728848,0.944431752443063,"54/54","8/8","62/62",100,"N",NA,"",54,8,0.098472595572155,0.0479377860082272,38.2405430111934,103,"Y","N",NA,NA
"C18_150.056_62.5","PYRIDOXINE",16.8083234733129,15.7709121188021,16.6744639436986,0.487200880432769,0.303725352034669,0.944431752443063,"50/54","7/8","57/62",91.9,"N",NA,"",54,8,2.52061898756635e-06,0.138450305314756,99.2743398558053,104,"Y","N",NA,NA
"HILIC_198.0977_59.7","chiro-Inositol",25.1604470008831,25.0332049369538,25.1440286700535,0.915580052079074,0.308194977922851,0.944431752443063,"54/54","8/8","62/62",100,"N",NA,"",54,8,0.163152772986024,0.00971930615462124,12.0967561414083,105,"N","N",NA,NA
"HILIC_198.0977_59.7","7-Methylguanine",25.1604470008831,25.0332049369538,25.1440286700535,0.915580052079074,0.308194977922851,0.944431752443063,"54/54","8/8","62/62",100,"N",NA,"",54,8,0.163152772986024,0.00971930615462124,12.0967561414083,106,"N","N",NA,NA
"HILIC_198.0977_59.7","7-Methylguanine",25.1604470008831,25.0332049369538,25.1440286700535,0.915580052079074,0.308194977922851,0.944431752443063,"54/54","8/8","62/62",100,"N",NA,"",54,8,0.163152772986024,0.00971930615462124,12.0967561414083,107,"N","N",NA,NA
"HILIC_198.0977_59.7","D-GALACTOSE",25.1604470008831,25.0332049369538,25.1440286700535,0.915580052079074,0.308194977922851,0.944431752443063,"54/54","8/8","62/62",100,"N","yes","",54,8,0.163152772986024,0.00971930615462124,12.0967561414083,108,"N","N",NA,NA
"HILIC_198.0977_59.7","MANNOSE",25.1604470008831,25.0332049369538,25.1440286700535,0.915580052079074,0.308194977922851,0.944431752443063,"54/54","8/8","62/62",100,"N","yes","",54,8,0.163152772986024,0.00971930615462124,12.0967561414083,109,"N","N",NA,NA
"HILIC_198.0977_59.7","MYO-INOSITOL",25.1604470008831,25.0332049369538,25.1440286700535,0.915580052079074,0.308194977922851,0.944431752443063,"54/54","8/8","62/62",100,"N","yes","",54,8,0.163152772986024,0.00971930615462124,12.0967561414083,110,"N","N",NA,NA
"HILIC_198.0977_59.7","D-FRUCTOSE",25.1604470008831,25.0332049369538,25.1440286700535,0.915580052079074,0.308194977922851,0.944431752443063,"54/54","8/8","62/62",100,"N","yes","",54,8,0.163152772986024,0.00971930615462124,12.0967561414083,111,"N","N",NA,NA
"HILIC_198.0977_59.7","ALLOSE",25.1604470008831,25.0332049369538,25.1440286700535,0.915580052079074,0.308194977922851,0.944431752443063,"54/54","8/8","62/62",100,"N","yes","",54,8,0.163152772986024,0.00971930615462124,12.0967561414083,112,"N","N",NA,NA
"HILIC_198.0977_59.7","L-SORBOSE",25.1604470008831,25.0332049369538,25.1440286700535,0.915580052079074,0.308194977922851,0.944431752443063,"54/54","8/8","62/62",100,"N","yes","",54,8,0.163152772986024,0.00971930615462124,12.0967561414083,113,"N","N",NA,NA
"HILIC_198.0977_59.7","ALPHA-D-GLUCOSE",25.1604470008831,25.0332049369538,25.1440286700535,0.915580052079074,0.308194977922851,0.944431752443063,"54/54","8/8","62/62",100,"N","yes","",54,8,0.163152772986024,0.00971930615462124,12.0967561414083,114,"N","N",NA,NA
"HILIC_198.0977_59.7","D-TAGATOSE",25.1604470008831,25.0332049369538,25.1440286700535,0.915580052079074,0.308194977922851,0.944431752443063,"54/54","8/8","62/62",100,"N","yes","",54,8,0.163152772986024,0.00971930615462124,12.0967561414083,115,"N","N",NA,NA
"HILIC_198.0977_59.7","D-PSICOSE",25.1604470008831,25.0332049369538,25.1440286700535,0.915580052079074,0.308194977922851,0.944431752443063,"54/54","8/8","62/62",100,"N","yes","",54,8,0.163152772986024,0.00971930615462124,12.0967561414083,116,"N","N",NA,NA
"HILIC_198.0977_59.7","PARAXANTHINE",25.1604470008831,25.0332049369538,25.1440286700535,0.915580052079074,0.308194977922851,0.944431752443063,"54/54","8/8","62/62",100,"N","yes","",54,8,0.163152772986024,0.00971930615462124,12.0967561414083,117,"N","N",NA,NA
"HILIC_198.0977_59.7","THEOPHYLLINE",25.1604470008831,25.0332049369538,25.1440286700535,0.915580052079074,0.308194977922851,0.944431752443063,"54/54","8/8","62/62",100,"N","yes","",54,8,0.163152772986024,0.00971930615462124,12.0967561414083,118,"N","N",NA,NA
"HILIC_198.0977_59.7","THEOBROMINE",25.1604470008831,25.0332049369538,25.1440286700535,0.915580052079074,0.308194977922851,0.944431752443063,"54/54","8/8","62/62",100,"N","yes","",54,8,0.163152772986024,0.00971930615462124,12.0967561414083,119,"N","N",NA,NA
"HILIC_214.0562_192.9","N(PAI)-METHYL-L-HISTIDINE",17.2412585947685,16.5889798140929,17.1570935908104,0.636274504592766,0.315204164135645,0.944431752443063,"54/54","8/8","62/62",100,"N",NA,"",54,8,0.00127829595765,0.0609072660700445,34.825538347687,120,"N","N",NA,NA
"C18_157.0119_49.2","Erythronic acid",20.9838490254316,21.4468627592694,21.0435927330235,1.37841827486377,0.316590741755649,0.944431752443063,"54/54","8/8","62/62",100,"N",NA,"",54,8,0.0621147453028917,0.0483566640740278,12.3899946725064,121,"N","N",NA,NA
"HILIC_175.0343_171.3","3-METHYL-2-OXOVALERIC ACID",15.4487497674536,15.7253567245751,15.4844409877274,1.21134260145716,0.318456528179591,0.944431752443063,"54/54","8/8","62/62",100,"N","yes","",54,8,0.721389260776276,0.0487299371143238,18.3971420168702,122,"Y","N",NA,NA
"HILIC_175.0343_171.3","4-METHYL-2-OXOVALERIC ACID",15.4487497674536,15.7253567245751,15.4844409877274,1.21134260145716,0.318456528179591,0.944431752443063,"54/54","8/8","62/62",100,"N","yes","",54,8,0.721389260776276,0.0487299371143238,18.3971420168702,123,"Y","N",NA,NA
"HILIC_175.0343_171.3","MEVALOLACTONE",15.4487497674536,15.7253567245751,15.4844409877274,1.21134260145716,0.318456528179591,0.944431752443063,"54/54","8/8","62/62",100,"N","yes","",54,8,0.721389260776276,0.0487299371143238,18.3971420168702,124,"Y","N",NA,NA
"HILIC_197.0944_58.9","NONANOATE",19.8993896196481,19.7736285217723,19.8831623812125,0.916520402695335,0.330621057326982,0.944431752443063,"54/54","8/8","62/62",100,"N",NA,"",54,8,0.175940604313671,0.0132653626948784,15.4767729763138,125,"N","N",NA,NA
"HILIC_109.076_186.2","1-Methylhistamine",17.302316405492,16.985758545004,17.2614702299452,0.802983439543651,0.347478737940743,0.944431752443063,"54/54","8/8","62/62",100,"N",NA,"",54,8,0.0580723975919684,0.0441422907180486,11.0431784207131,126,"N","N",NA,NA
"C18_132.0302_14.4","D-ASPARTATE",16.2565664814364,16.3632316396397,16.2703297276562,1.07673644242511,0.358341798949804,0.944431752443063,"54/54","8/8","62/62",100,"N",NA,"",54,8,2.26656465008304e-14,0.0355457761407998,476.394062614718,127,"Y","N",NA,NA
"C18_131.035_176.5","PYRUVIC ALDEHYDE",17.7455310476387,17.5790054066544,17.7240438681569,0.890985809131186,0.360135582163405,0.944431752443063,"54/54","8/8","62/62",100,"N",NA,"",54,8,9.8692071771663e-10,0.0442040929504145,109.676511947487,128,"Y","N",NA,NA
"C18_190.0509_58.4","3-Oxindole-3-acetate",15.6884092970044,15.2890043018831,15.6368731686017,0.758170908143583,0.377353152913057,0.944431752443063,"54/54","8/8","62/62",100,"N",NA,"",54,8,0.547762474005673,0.047115108347507,21.2227570880655,129,"Y","N",NA,NA
"HILIC_258.11_186.3","Glycerophosphocholine",17.7035232573534,18.0885269951884,17.7532011590095,1.30586317040601,0.377925443179803,0.944431752443063,"54/54","8/8","62/62",100,"N",NA,"",54,8,0.00142979907924405,0.0601197388929179,43.7832486491759,130,"Y","N",NA,NA
"HILIC_201.1122_81.7","5-VALEROLACTONE",16.6240615945802,17.0651523670232,16.6809765329599,1.35763039748217,0.382331083416634,0.944431752443063,"54/54","8/8","62/62",100,"N",NA,"",54,8,0.0589430788848463,0.0700242210564788,23.3969898275638,131,"N","N",NA,NA
"HILIC_218.1387_109.4","Propionylcarnitine",24.6353562267668,24.961895023353,24.677490265036,1.25400125899962,0.382988633349163,0.944431752443063,"54/54","8/8","62/62",100,"N",NA,"",54,8,0.579951366217989,0.0305945977456326,11.0142391046058,132,"N","N",NA,NA
"C18_191.056_19.5","QUINATE",16.249869606096,16.390030264395,16.2679548523281,1.10202783069435,0.391636405829951,0.944431752443063,"54/54","8/8","62/62",100,"N",NA,"",54,8,2.28096615844055e-10,0.0363635149740013,127.594573864015,133,"Y","N",NA,NA
"C18_191.056_19.5","Dimethylmalonic acid",16.249869606096,16.390030264395,16.2679548523281,1.10202783069435,0.391636405829951,0.944431752443063,"54/54","8/8","62/62",100,"N","yes","",54,8,2.28096615844055e-10,0.0363635149740013,127.594573864015,134,"Y","N",NA,NA
"C18_191.056_19.5","Dimethyl succinate",16.249869606096,16.390030264395,16.2679548523281,1.10202783069435,0.391636405829951,0.944431752443063,"54/54","8/8","62/62",100,"N","yes","",54,8,2.28096615844055e-10,0.0363635149740013,127.594573864015,135,"Y","N",NA,NA
"HILIC_265.1178_78.7","3,4-Dihydroxyhydrocinnamic acid",22.4280916553322,22.874495549481,22.485692157803,1.36263946318807,0.39318285984327,0.944431752443063,"54/54","8/8","62/62",100,"N",NA,"",54,8,3.7413111087937e-07,0.0711492466706035,74.8799274075689,136,"Y","N",NA,NA
"HILIC_265.1178_78.7","Phenylacetylglutamine",22.4280916553322,22.874495549481,22.485692157803,1.36263946318807,0.39318285984327,0.944431752443063,"54/54","8/8","62/62",100,"N",NA,"",54,8,3.7413111087937e-07,0.0711492466706035,74.8799274075689,137,"Y","N",NA,NA
"C18_287.0882_58.3","DEOXYURIDINE",15.6078896194612,15.843121655236,15.6382421402064,1.17709604016967,0.394329629999063,0.944431752443063,"54/54","8/8","62/62",100,"N",NA,"",54,8,0.94450685155403,0.0401433882712367,14.4380250325783,138,"N","N",NA,NA
"C18_287.0882_58.3","THYMIDINE",15.6078896194612,15.843121655236,15.6382421402064,1.17709604016967,0.394329629999063,0.944431752443063,"54/54","8/8","62/62",100,"N",NA,"",54,8,0.94450685155403,0.0401433882712367,14.4380250325783,139,"N","N",NA,NA
"HILIC_181.0721_71.4","PARAXANTHINE",18.9393178862962,17.748996446374,18.7857280230804,0.438205215390448,0.396029587718326,0.944431752443063,"53/54","7/8","60/62",96.8,"N",NA,"",54,8,1.71995770267556e-06,0.12944649573365,62.1960628148581,140,"Y","N",NA,NA
"HILIC_181.0721_71.4","5-Acetylamino-6-amino-3-methyluracil",18.9393178862962,17.748996446374,18.7857280230804,0.438205215390448,0.396029587718326,0.944431752443063,"53/54","7/8","60/62",96.8,"N",NA,"",54,8,1.71995770267556e-06,0.12944649573365,62.1960628148581,141,"Y","N",NA,NA
"C18_151.0401_140.4","RESORCINOL MONOACETATE",19.0456304534407,18.3428910201132,18.9549543975275,0.614404448437607,0.398304112373351,0.944431752443063,"51/54","8/8","59/62",95.2,"N",NA,"",54,8,1.14136561392157e-09,0.117414399396868,81.869915942102,142,"Y","N",NA,NA
"C18_151.0401_140.4","2',4'-DIHYDROXYACETOPHENONE",19.0456304534407,18.3428910201132,18.9549543975275,0.614404448437607,0.398304112373351,0.944431752443063,"51/54","8/8","59/62",95.2,"N","yes -but different RT","",54,8,1.14136561392157e-09,0.117414399396868,81.869915942102,143,"Y","N",NA,NA
"C18_174.0406_14.6","N-ACETYL-L-ASPARTIC ACID",16.0316394566977,15.7007867718605,15.9889487876864,0.795066431903966,0.399795607597987,0.944431752443063,"52/54","8/8","60/62",96.8,"N",NA,"",54,8,5.29564210200731e-06,0.0563826437460858,57.8330038619856,144,"Y","N",NA,NA
"HILIC_192.0743_192.8","N(PAI)-METHYL-L-HISTIDINE",16.5049522333383,15.8439439727914,16.4196608448807,0.632436149979642,0.401255661415069,0.944431752443063,"53/54","7/8","60/62",96.8,"N",NA,"",54,8,1.27882619757208e-05,0.0806973006793257,54.4356719243624,145,"N","N",NA,NA
"HILIC_300.2897_71.1","Palmitoylethanolamide",16.643095458967,15.704086476594,16.5219330096286,0.521591049273376,0.401428388105908,0.944431752443063,"50/54","6/8","56/62",90.3,"N",NA,"",54,8,1.27713789352089e-06,0.129732638435077,44.5495217267449,146,"N","N",NA,NA
"HILIC_203.1501_187.9","Asymmetric dimethylarginine",19.91413243348,20.5501454020482,19.9961986229727,1.55402850686409,0.404955503602202,0.944431752443063,"54/54","8/8","62/62",100,"N",NA,"",54,8,0.0897751338761269,0.0860788011164124,20.732713728304,147,"N","N",NA,NA
"HILIC_162.0502_169.5","5-Aminopentanoic acid",19.1397339541867,19.3576241917579,19.1678488235507,1.16303155297568,0.405647364226808,0.944431752443063,"54/54","8/8","62/62",100,"N",NA,"",54,8,0.0553647026290287,0.0349774111630589,45.132827283949,148,"N","N",NA,NA
"HILIC_134.1176_139.2","HEXANOATE",20.9222283473807,20.6789559734769,20.8908383636512,0.844826870094401,0.411411432807618,0.944431752443063,"54/54","8/8","62/62",100,"N","yes","",54,8,0.32160632312637,0.0305259959070651,17.4154182760257,149,"N","N",NA,NA
"HILIC_134.1176_139.2","TRANS-CYCLOHEXANE-1,2-DIOL",20.9222283473807,20.6789559734769,20.8908383636512,0.844826870094401,0.411411432807618,0.944431752443063,"54/54","8/8","62/62",100,"N","yes","",54,8,0.32160632312637,0.0305259959070651,17.4154182760257,150,"N","N",NA,NA
"HILIC_130.0863_196.9","Propionylcarnitine",19.700031701338,20.1709142694127,19.7607907423799,1.38595706746892,0.411565740680038,0.944431752443063,"52/54","8/8","60/62",96.8,"N",NA,"",54,8,6.28680090916664e-09,0.127932828006615,124.555095415342,151,"Y","N",NA,NA
"C18_145.0871_136.6","PRENOL",17.0275131144743,16.7753885170921,16.9949809083605,0.839658973232874,0.42225362362442,0.944431752443063,"54/54","8/8","62/62",100,"N","yes","",54,8,2.59116201312657e-05,0.0260497102040652,119.354956313511,152,"N","N",NA,NA
"C18_145.0871_136.6","3-METHYLBUTANAL",17.0275131144743,16.7753885170921,16.9949809083605,0.839658973232874,0.42225362362442,0.944431752443063,"54/54","8/8","62/62",100,"N","yes","",54,8,2.59116201312657e-05,0.0260497102040652,119.354956313511,153,"N","N",NA,NA
"C18_145.0871_136.6","2-METHYLBUTANAL",17.0275131144743,16.7753885170921,16.9949809083605,0.839658973232874,0.42225362362442,0.944431752443063,"54/54","8/8","62/62",100,"N","yes","",54,8,2.59116201312657e-05,0.0260497102040652,119.354956313511,154,"N","N",NA,NA
"HILIC_154.0499_84.7","3-AMINO-5-HYDROXYBENZOIC ACID",20.5612566938506,19.1040775642444,20.373233580353,0.36420455487075,0.422512644464026,0.944431752443063,"54/54","8/8","62/62",100,"N","yes","",54,8,7.97919402033666e-12,0.0959760750142231,181.92793271056,155,"Y","N",NA,NA
"HILIC_154.0499_84.7","3-AMINO-4-HYDROXYBENZOIC ACID",20.5612566938506,19.1040775642444,20.373233580353,0.36420455487075,0.422512644464026,0.944431752443063,"54/54","8/8","62/62",100,"N","yes","",54,8,7.97919402033666e-12,0.0959760750142231,181.92793271056,156,"Y","N",NA,NA
"C18_157.0368_51.3","ALLANTOIN",14.9879930412124,15.3900425988928,15.0398704034938,1.32138379542482,0.424560362451896,0.944431752443063,"52/54","8/8","60/62",96.8,"N",NA,"",54,8,6.41432000778961e-07,0.11737847876788,44.0254464725923,157,"N","N",NA,NA
"HILIC_104.0534_49.2","7-Methylguanine",18.0291377012835,18.1913015196493,18.0500620649436,1.11896415246845,0.427047202587168,0.944431752443063,"54/54","8/8","62/62",100,"N",NA,"",54,8,0.00063800471226888,0.0197282397044028,66.4252276402842,158,"N","N",NA,NA
"HILIC_181.1587_47.6","3-Hydroxydodecanoic acid",17.5159772019502,17.3119414243732,17.4896500048435,0.868118698748578,0.427501126215868,0.944431752443063,"54/54","8/8","62/62",100,"N",NA,"",54,8,0.0951133863837397,0.0451639051124218,24.9736636834296,159,"N","N",NA,NA
"C18_160.0615_15.9","ALPHA-AMINOADIPATE",15.4154051328866,15.5589455505074,15.4339264770957,1.10461254532865,0.431645447255595,0.944431752443063,"54/54","8/8","62/62",100,"N","yes","",54,8,5.10732845718754e-07,0.0568454417323395,72.8957263531353,160,"Y","N",NA,NA
"C18_160.0615_15.9","N-METHYL-L-GLUTAMATE",15.4154051328866,15.5589455505074,15.4339264770957,1.10461254532865,0.431645447255595,0.944431752443063,"54/54","8/8","62/62",100,"N","yes","",54,8,5.10732845718754e-07,0.0568454417323395,72.8957263531353,161,"Y","N",NA,NA
"HILIC_161.1074_82.5","TRYPTAMINE",15.6718295482804,15.2401676877758,15.6161312436991,0.74140725589598,0.436761540859118,0.944431752443063,"54/54","8/8","62/62",100,"N",NA,"",54,8,2.99857654284756e-07,0.0808348045583286,57.0828365264446,162,"Y","N",NA,NA
"C18_221.0603_49.8","L-CYSTATHIONINE",15.121740246941,14.5929019633177,15.0535030490541,0.693112631718818,0.437340183979193,0.944431752443063,"54/54","8/8","62/62",100,"N",NA,"",54,8,3.37730777070705e-06,0.0579656941422785,44.3005305488317,163,"Y","N",NA,NA
"C18_107.0503_138.1","m-Cresol",18.6979339739107,19.1522646168841,18.7565572826814,1.37014696008081,0.437997336161984,0.944431752443063,"54/54","8/8","62/62",100,"N",NA,"",54,8,3.66492910323114e-07,0.0791505998675953,88.8720467698323,164,"Y","N",NA,NA
"HILIC_177.1122_68.9","2-METHYLPROPANOATE",16.8590055892833,15.8695487547809,16.7313337396701,0.503667366892937,0.438185208508613,0.944431752443063,"48/54","7/8","55/62",88.7,"N",NA,"",54,8,1.53047100263768e-06,0.190302610571314,55.3410664910093,165,"N","N",NA,NA
"HILIC_171.0958_193.2","3-(Methylthio)-1-propene",17.5595396780372,16.8385737773015,17.4665118198778,0.60669111959025,0.438684427288252,0.944431752443063,"54/54","8/8","62/62",100,"N",NA,"",54,8,3.8709450231346e-05,0.0793628260528527,53.0454678458696,166,"N","N",NA,NA
"C18_155.0351_203.1","HYDROQUINONE",16.3100032038765,16.5377580586618,16.3393909270746,1.17101118408436,0.443085313110567,0.944431752443063,"54/54","8/8","62/62",100,"N",NA,"",54,8,8.66058973081718e-10,0.0654561403780535,63.0853889263012,167,"Y","N",NA,NA
"C18_153.0194_136","3,5-Dihydroxybenzoic acid",18.4347092287922,17.7746300756839,18.3495377251654,0.632843575225668,0.447312065828169,0.944431752443063,"54/54","8/8","62/62",100,"N",NA,"",54,8,1.80437180345945e-07,0.0849962766998816,91.8560924348638,168,"N","N",NA,NA
"C18_136.0404_141.9","SALICYLAMIDE",16.8954304020327,16.5315112619705,16.8484730936376,0.777050819581962,0.447542597308825,0.944431752443063,"54/54","8/8","62/62",100,"N",NA,"",54,8,1.09215695221109e-09,0.0544199972419149,27.9357198547553,169,"N","N",NA,NA
"HILIC_127.039_49.1","6-Oxopiperidine-2-carboxylic acid",17.6231050919567,17.7663192654358,17.6415843401475,1.10436278178321,0.448422075072852,0.944431752443063,"54/54","8/8","62/62",100,"N",NA,"",54,8,0.00106731610460221,0.0183817832823168,53.1086537234549,170,"Y","N",NA,NA
"HILIC_127.039_49.1","3-Hydroxy-3-methylglutarate",17.6231050919567,17.7663192654358,17.6415843401475,1.10436278178321,0.448422075072852,0.944431752443063,"54/54","8/8","62/62",100,"N",NA,"",54,8,0.00106731610460221,0.0183817832823168,53.1086537234549,171,"Y","N",NA,NA
"HILIC_192.0655_156.6","L-KYNURENINE",18.9683219723379,18.5261507654006,18.9112676230556,0.736026080504224,0.450026059517739,0.944431752443063,"54/54","8/8","62/62",100,"N","yes","",54,8,0.0977965535546816,0.0521526003454618,25.9287769426716,172,"Y","N",NA,NA
"HILIC_192.0655_156.6","KYNURENINE",18.9683219723379,18.5261507654006,18.9112676230556,0.736026080504224,0.450026059517739,0.944431752443063,"54/54","8/8","62/62",100,"N","yes","",54,8,0.0977965535546816,0.0521526003454618,25.9287769426716,173,"Y","N",NA,NA
"C18_206.0821_132.9","3-Phenylpropionylglycine",15.0354590545774,14.8039384446022,15.0055854274838,0.85173668247773,0.450101443188353,0.944431752443063,"54/54","8/8","62/62",100,"N",NA,"",54,8,0.000669861343470323,0.0388374541234513,25.3733076543117,174,"N","N",NA,NA
"HILIC_433.2417_49.1","4-Hydroxycyclohexylcarboxylic acid",23.9671545900914,24.1660271197278,23.9928155616574,1.14780099458769,0.450353532422887,0.944431752443063,"54/54","8/8","62/62",100,"N",NA,"",54,8,1.64596045113959e-05,0.0167431412414738,91.0833018980013,175,"N","N",NA,NA
"HILIC_365.1053_189.1","MELIBIOSE",17.0955522217617,17.5340460462614,17.1521320700842,1.35518876981486,0.462542171161338,0.944431752443063,"54/54","8/8","62/62",100,"N","yes","",54,8,6.70935783747349e-05,0.0658507346896205,39.1679646680857,176,"N","N",NA,NA
"HILIC_365.1053_189.1","D-(+)-CELLOBIOSE",17.0955522217617,17.5340460462614,17.1521320700842,1.35518876981486,0.462542171161338,0.944431752443063,"54/54","8/8","62/62",100,"N","yes","",54,8,6.70935783747349e-05,0.0658507346896205,39.1679646680857,177,"N","N",NA,NA
"HILIC_365.1053_189.1","MALTOSE",17.0955522217617,17.5340460462614,17.1521320700842,1.35518876981486,0.462542171161338,0.944431752443063,"54/54","8/8","62/62",100,"N","yes","",54,8,6.70935783747349e-05,0.0658507346896205,39.1679646680857,178,"N","N",NA,NA
"HILIC_365.1053_189.1","SUCROSE",17.0955522217617,17.5340460462614,17.1521320700842,1.35518876981486,0.462542171161338,0.944431752443063,"54/54","8/8","62/62",100,"N","yes","",54,8,6.70935783747349e-05,0.0658507346896205,39.1679646680857,179,"N","N",NA,NA
"HILIC_365.1053_189.1","PALATINOSE",17.0955522217617,17.5340460462614,17.1521320700842,1.35518876981486,0.462542171161338,0.944431752443063,"54/54","8/8","62/62",100,"N","yes","",54,8,6.70935783747349e-05,0.0658507346896205,39.1679646680857,180,"N","N",NA,NA
"C18_165.0192_133.4","DIHYDROXYMANDELIC ACID",17.8243885299478,17.9859178566255,17.8452310237127,1.11847214457003,0.462606368855373,0.944431752443063,"54/54","8/8","62/62",100,"N",NA,"",54,8,0.0284238038017173,0.0272381917023899,44.2096452247243,181,"N","N",NA,NA
"HILIC_137.071_147.4","1-METHYLNICOTINAMIDE",21.4170933841477,21.879150157995,21.4767136130312,1.37750425373472,0.465642769135924,0.944431752443063,"54/54","8/8","62/62",100,"N",NA,"",54,8,0.000149032111393811,0.0635172128840036,67.1243277810024,182,"Y","N",NA,NA
"HILIC_209.0921_156.5","L-KYNURENINE",19.439371568926,19.0186450883077,19.3850842811043,0.747048347420808,0.465928448945097,0.944431752443063,"54/54","8/8","62/62",100,"N","yes","",54,8,0.0540810017789808,0.0506674359470542,23.3206265173873,183,"Y","N",NA,NA
"HILIC_209.0921_156.5","KYNURENINE",19.439371568926,19.0186450883077,19.3850842811043,0.747048347420808,0.465928448945097,0.944431752443063,"54/54","8/8","62/62",100,"N","yes","",54,8,0.0540810017789808,0.0506674359470542,23.3206265173873,184,"Y","N",NA,NA
"HILIC_152.0564_162.3","GUANINE",16.3085542278574,15.9203567946295,16.2584642364732,0.764083688156689,0.472133221032703,0.944431752443063,"54/54","8/8","62/62",100,"N",NA,"",54,8,0.00373287538350815,0.0606370718885537,42.1800015486933,185,"N","N",NA,NA
"C18_243.0619_57.7","URIDINE",19.6771552275243,19.544360028126,19.6600203630858,0.912062629968281,0.476699462416893,0.944431752443063,"54/54","8/8","62/62",100,"N",NA,"",54,8,0.455056483284406,0.0228838274600451,12.758029264272,186,"Y","N",NA,NA
"HILIC_170.0924_193.2","Dihydrothymine",21.3698173118406,20.8894624186306,21.3078360352974,0.71680127405917,0.477910589697001,0.944431752443063,"54/54","8/8","62/62",100,"N",NA,"",54,8,0.0826892256663698,0.0539373328792181,21.4245684542124,187,"Y","N",NA,NA
"C18_121.0295_142.5","3-HYDROXYBENZALDEHYDE",20.5667467528134,20.4617641122363,20.5532006056422,0.929816130684006,0.47859802020077,0.944431752443063,"54/54","8/8","62/62",100,"N","yes","",54,8,0.233648578405442,0.0213708609437818,15.7862984396163,188,"Y","N",NA,NA
"C18_121.0295_142.5","4-HYDROXYBENZALDEHYDE",20.5667467528134,20.4617641122363,20.5532006056422,0.929816130684006,0.47859802020077,0.944431752443063,"54/54","8/8","62/62",100,"N","yes","",54,8,0.233648578405442,0.0213708609437818,15.7862984396163,189,"Y","N",NA,NA
"C18_359.1858_164.8","CORTISONE",16.3102003974639,15.7300069042367,16.2353367209185,0.66887406246601,0.484459423322513,0.944431752443063,"50/54","7/8","57/62",91.9,"N",NA,"",54,8,8.83266206751086e-09,0.116021313396766,70.3935282338082,190,"Y","N",NA,NA
"HILIC_191.0914_75.7","CARNOSINE",16.0000961902441,15.1008589976499,15.8840655847481,0.536170149761336,0.489741840837785,0.944431752443063,"46/54","6/8","52/62",83.9,"N",NA,"",54,8,0.000165408303739936,0.195140106972611,46.5643685839515,191,"N","N",NA,NA
"C18_299.2011_194","RETINOATE",16.5539232822059,16.4744153673464,16.5436641964176,0.946380390133504,0.497178679245111,0.944431752443063,"54/54","8/8","62/62",100,"N",NA,"",54,8,0.000125219454237384,0.0204400969510378,17.6090238528352,192,"Y","N",NA,NA
"C18_179.035_59.1","CAFFEATE",16.0806382782514,15.9242372623047,16.0604575020003,0.897260610684839,0.499786099874402,0.944431752443063,"54/54","8/8","62/62",100,"N",NA,"",54,8,0.114097785842771,0.0321210637246531,36.9845084964217,193,"N","N",NA,NA
"C18_179.035_59.1","Vanillylmandelic acid",16.0806382782514,15.9242372623047,16.0604575020003,0.897260610684839,0.499786099874402,0.944431752443063,"54/54","8/8","62/62",100,"N",NA,"",54,8,0.114097785842771,0.0321210637246531,36.9845084964217,194,"N","N",NA,NA
"HILIC_229.1546_155","L,L-Cyclo(leucylprolyl)",24.4639546807859,23.8279898456179,24.3818947020545,0.6435103086398,0.500083008045986,0.944431752443063,"54/54","8/8","62/62",100,"N",NA,"",54,8,0.00154745575650367,0.0713960959698115,19.9920956235134,195,"N","N",NA,NA
"C18_160.0615_55.5","ALPHA-AMINOADIPATE",15.9414640923776,15.7353519988516,15.9148689835355,0.866870207413459,0.500755880308128,0.944431752443063,"54/54","8/8","62/62",100,"N","yes","",54,8,0.973250134327754,0.0420139909252596,24.1711708639522,196,"Y","N",NA,NA
"C18_160.0615_55.5","N-METHYL-L-GLUTAMATE",15.9414640923776,15.7353519988516,15.9148689835355,0.866870207413459,0.500755880308128,0.944431752443063,"54/54","8/8","62/62",100,"N","yes","",54,8,0.973250134327754,0.0420139909252596,24.1711708639522,197,"Y","N",NA,NA
"C18_181.0507_58.2","3-(4-HYDROXYPHENYL)LACTATE",17.0421426242057,17.3964537625163,17.0878601904394,1.2783750337707,0.504392272348741,0.944431752443063,"54/54","8/8","62/62",100,"N","yes -but different RT","",54,8,0.327746128099025,0.0641408885414531,20.9925377079358,198,"Y","N",NA,NA
"C18_181.0507_58.2","PHENYLACETIC ACID",17.0421426242057,17.3964537625163,17.0878601904394,1.2783750337707,0.504392272348741,0.944431752443063,"54/54","8/8","62/62",100,"N",NA,"",54,8,0.327746128099025,0.0641408885414531,20.9925377079358,199,"Y","N",NA,NA
"C18_337.3108_282","ERUCIC ACID",15.1378701653854,15.7374562032591,15.2152361057562,1.5152817142204,0.504649998638059,0.944431752443063,"52/54","8/8","60/62",96.8,"N",NA,"",54,8,8.011583485858e-08,0.141807349771425,34.0458379610602,200,"Y","N",NA,NA
"HILIC_246.1699_88.7","Isovalerylcarnitine",23.1264491218711,23.4060721056056,23.1625295068691,1.21387762302035,0.505241258849958,0.944431752443063,"54/54","8/8","62/62",100,"N",NA,"",54,8,0.0398221658477543,0.0384518144812832,12.1072692530202,201,"N","N",NA,NA
"C18_241.072_147.3","METHYL VANILLATE",21.5593988687656,21.6184150474741,21.5670138595667,1.04175511142019,0.507337078753602,0.944431752443063,"54/54","8/8","62/62",100,"N","yes","",54,8,0.0403516612909745,0.00933730905204633,11.877637233925,202,"N","N",NA,NA
"C18_241.072_147.3","HOMOVANILLATE",21.5593988687656,21.6184150474741,21.5670138595667,1.04175511142019,0.507337078753602,0.944431752443063,"54/54","8/8","62/62",100,"N","yes","",54,8,0.0403516612909745,0.00933730905204633,11.877637233925,203,"N","N",NA,NA
"C18_241.072_147.3","3-(4-HYDROXYPHENYL)LACTATE",21.5593988687656,21.6184150474741,21.5670138595667,1.04175511142019,0.507337078753602,0.944431752443063,"54/54","8/8","62/62",100,"N","yes","",54,8,0.0403516612909745,0.00933730905204633,11.877637233925,204,"N","N",NA,NA
"C18_184.0978_58.3","4-Hydroxycyclohexylcarboxylic acid",15.1600434039759,14.9867547641251,15.137683579479,0.886818861642339,0.512014114780773,0.944431752443063,"54/54","8/8","62/62",100,"N",NA,"",54,8,0.0298298305147369,0.0342454650983414,10.5438519209688,205,"Y","N",NA,NA
"HILIC_162.1125_158.3","4-Hydroxycyclohexylcarboxylic acid",28.469440755846,28.1480567754682,28.4279718551521,0.800301778055036,0.51289560715661,0.944431752443063,"54/54","8/8","62/62",100,"N",NA,"",54,8,0.24601592616304,0.0288330092304526,23.3870068872045,206,"Y","N",NA,NA
"HILIC_162.1125_158.3","Proline betaine",28.469440755846,28.1480567754682,28.4279718551521,0.800301778055036,0.51289560715661,0.944431752443063,"54/54","8/8","62/62",100,"N",NA,"",54,8,0.24601592616304,0.0288330092304526,23.3870068872045,207,"Y","N",NA,NA
"C18_181.0505_133.3","METHYL VANILLATE",15.9224500262556,15.7824219162692,15.9043818830316,0.907501473061474,0.513890837777179,0.944431752443063,"54/54","8/8","62/62",100,"N","yes -but different RT","",54,8,0.281969622672591,0.0385892299794048,23.690718465068,208,"N","N",NA,NA
"C18_279.0382_58.3","URIDINE",17.8092804133493,17.9953789875264,17.8332931325979,1.13768295901261,0.514134819138858,0.944431752443063,"54/54","8/8","62/62",100,"N",NA,"",54,8,0.0378565207267999,0.056912824323299,12.2217226166812,209,"N","N",NA,NA
"C18_166.051_58","4-HYDROXY-L-PHENYLGLYCINE",15.9217791963189,16.0617616407714,15.939841447216,1.1018917073395,0.517188283594824,0.944431752443063,"54/54","8/8","62/62",100,"N","yes","",54,8,0.000415467638844568,0.0232281987021464,42.5231686206762,210,"Y","N",NA,NA
"C18_166.051_58","PYRIDOXAL",15.9217791963189,16.0617616407714,15.939841447216,1.1018917073395,0.517188283594824,0.944431752443063,"54/54","8/8","62/62",100,"N","yes","",54,8,0.000415467638844568,0.0232281987021464,42.5231686206762,211,"Y","N",NA,NA
"HILIC_385.1286_174.4","S-(5'-ADENOSYL)-L-HOMOCYSTEINE",18.3343861011409,18.4184157018992,18.345228630271,1.05997453139472,0.518819754046836,0.944431752443063,"54/54","8/8","62/62",100,"N",NA,"",54,8,0.490339551562738,0.0206880620188434,21.9589594708685,212,"Y","N",NA,NA
"HILIC_113.1074_162.5","N-ACETYLPUTRESCINE",17.8548612994334,18.0719823851703,17.8828769233994,1.16241166491079,0.527317164834753,0.944431752443063,"54/54","8/8","62/62",100,"N",NA,"",54,8,0.00240321779673119,0.063651690136054,35.8468467286234,213,"N","N",NA,NA
"HILIC_132.0655_181.6","chiro-Inositol",17.5976748668832,17.3346674807433,17.5637384299619,0.83334894066666,0.528978486486571,0.944431752443063,"54/54","8/8","62/62",100,"N",NA,"",54,8,0.706249538939799,0.0568495481046064,12.1076749241896,214,"Y","N",NA,NA
"C18_421.136_134.4","RIBOFLAVIN",16.6928127993402,16.7980486065835,16.7063916131781,1.0756701934424,0.539747598218523,0.944431752443063,"54/54","8/8","62/62",100,"N",NA,"",54,8,2.17200103972037e-05,0.0226224515696544,51.5832200986026,215,"N","N",NA,NA
"HILIC_103.039_158.1","2-OXOBUTANOATE",20.5482325996169,20.221987667014,20.506136479281,0.797609814631162,0.540380081670002,0.944431752443063,"54/54","8/8","62/62",100,"N",NA,"",54,8,0.00813849714846637,0.0399651201230652,36.4269941163494,216,"Y","N",NA,NA
"C18_272.0887_50.2","DEOXYCYTIDINE",15.8381000806103,14.9883428440128,15.7284539855655,0.554878097942341,0.541722426011054,0.944431752443063,"47/54","6/8","53/62",85.5,"N",NA,"",54,8,2.59091807819258e-09,0.178737620727805,143.409220072838,217,"Y","N",NA,NA
"HILIC_171.0764_213.4","Ribothymidine",19.0391350377659,18.3244449247075,18.9469169586615,0.609336001485343,0.546557802143074,0.944431752443063,"53/54","7/8","60/62",96.8,"N",NA,"",54,8,3.27500791826569e-07,0.0984783988917189,113.882879066576,218,"N","N",NA,NA
"HILIC_192.0623_104.1","PYRIDOXINE",14.3592076669398,13.8786392679001,14.2971988412572,0.716695201796791,0.55145426016718,0.944431752443063,"53/54","7/8","60/62",96.8,"N",NA,"",54,8,2.62252612565019e-10,0.0849922809740854,114.830736597961,219,"N","N",NA,NA
"HILIC_180.1121_68.7","12,13-DiHOME",21.7807545259662,21.6874639398857,21.7687170309881,0.937382270914314,0.554945949921186,0.944431752443063,"54/54","8/8","62/62",100,"N",NA,"",54,8,1.91201899045707e-06,0.0162479302039885,72.2071414840632,220,"N","N",NA,NA
"HILIC_192.0243_119.4","N-ACETYL-DL-SERINE",15.4643853945512,15.9702002132317,15.529651822768,1.41992508822977,0.559545964602737,0.944431752443063,"50/54","7/8","57/62",91.9,"N",NA,"",54,8,4.98591792257236e-06,0.114434313275273,68.9670463712328,221,"N","N",NA,NA
"HILIC_208.0969_77.8","N-ACETYL-L-PHENYLALANINE",16.1974116214286,16.4465395677943,16.2295571628951,1.1884885022736,0.5620599796156,0.944431752443063,"54/54","8/8","62/62",100,"N",NA,"",54,8,0.122688980631827,0.0594112451739331,17.3834526572691,222,"N","N",NA,NA
"C18_514.2835_143.2","Taurocholic acid",16.1621822604098,15.3532010666193,16.0577975902433,0.570784793963572,0.564674418989223,0.944431752443063,"51/54","7/8","58/62",93.5,"N",NA,"",54,8,2.64144873959363e-06,0.173992687185723,60.8460743851671,223,"Y","N",NA,NA
"HILIC_414.3004_68.8","Deoxycholic acid glycine conjugate",17.2165476343476,17.9965502682312,17.3171931354939,1.71713400779101,0.576549828149444,0.944431752443063,"45/54","7/8","52/62",83.9,"N",NA,"",54,8,4.48764617115796e-06,0.194535752899816,39.9036788321762,224,"N","N",NA,NA
"HILIC_177.0246_190.8","L-ASPARAGINE",16.8443126696896,17.0062311271499,16.8652053738781,1.11877386505173,0.577789147093565,0.944431752443063,"54/54","8/8","62/62",100,"N","yes -but different time","",54,8,0.11444069430496,0.0361332648013951,11.9185572299405,225,"N","N",NA,NA
"HILIC_189.1597_190.5","NEPSILON,NEPSILON,NEPSILON-TRIMETHYLLYSINE",17.9671699462912,18.4393377293139,18.02809482152,1.38719228789593,0.578746516890612,0.944431752443063,"54/54","8/8","62/62",100,"N",NA,"",54,8,0.485635727075804,0.0768022439728757,10.1784661893426,226,"Y","N",NA,NA
"HILIC_165.0637_174.9","Ectoine",15.279474802592,14.1927651055419,15.1392541965211,0.47083396520723,0.58766975774685,0.944431752443063,"49/54","6/8","55/62",88.7,"N",NA,"",54,8,1.52449793097029e-09,0.242330364260618,55.694963122867,227,"N","N",NA,NA
"HILIC_624.8471_172","PHYTIC ACID",18.5567294261535,18.4703229255872,18.545580200274,0.941865851943892,0.596070841322489,0.944431752443063,"54/54","8/8","62/62",100,"N",NA,"",54,8,0.952697137982024,0.0181306835982943,12.661041702603,228,"N","N",NA,NA
"HILIC_304.1015_168.1","1-METHYLADENOSINE",13.9820046254326,13.4226711886599,13.9098325690748,0.67861562965458,0.598440298826632,0.944431752443063,"45/54","6/8","51/62",82.3,"N",NA,"",54,8,3.4798833854156e-08,0.173644400252481,98.1225634926545,229,"Y","N",NA,NA
"C18_256.0589_54.8","N-ACETYL-D-GLUCOSAMINE",16.8417047604658,16.721097705227,16.8261425597898,0.919800536778788,0.6009121093191,0.944431752443063,"54/54","8/8","62/62",100,"N","yes","",54,8,0.0001132020771917,0.0208772532117993,44.7898343762748,230,"Y","N",NA,NA
"C18_256.0589_54.8","N-ACETYL-D-MANNOSAMINE",16.8417047604658,16.721097705227,16.8261425597898,0.919800536778788,0.6009121093191,0.944431752443063,"54/54","8/8","62/62",100,"N","yes","",54,8,0.0001132020771917,0.0208772532117993,44.7898343762748,231,"Y","N",NA,NA
"C18_256.0589_54.8","N-ACETYL-D-GALACTOSAMINE",16.8417047604658,16.721097705227,16.8261425597898,0.919800536778788,0.6009121093191,0.944431752443063,"54/54","8/8","62/62",100,"N","yes","",54,8,0.0001132020771917,0.0208772532117993,44.7898343762748,232,"Y","N",NA,NA
"C18_299.2587_224.3","2-Hydroxystearate",17.8113566560135,17.9504651133236,17.8293061343761,1.101224381598,0.602225448243211,0.944431752443063,"54/54","8/8","62/62",100,"N","yes","",54,8,0.863875811593789,0.0426272494217761,22.204310357634,233,"N","N",NA,NA
"C18_299.2587_224.3","12-Hydroxystearic acid",17.8113566560135,17.9504651133236,17.8293061343761,1.101224381598,0.602225448243211,0.944431752443063,"54/54","8/8","62/62",100,"N","yes","",54,8,0.863875811593789,0.0426272494217761,22.204310357634,234,"N","N",NA,NA
"HILIC_263.1112_182","L-ANSERINE",15.2275649647567,14.7618770663847,15.1674762036765,0.724125721075277,0.604621248054894,0.944431752443063,"54/54","8/8","62/62",100,"N",NA,"",54,8,7.8396264295334e-09,0.0998975708039892,79.4435711052185,235,"N","N",NA,NA
"HILIC_291.038_153.2","2'-DEOXYURIDINE 5'-MONO-PHOS-PHATE",17.1966487403,17.3036649112815,17.2104572784912,1.07699844806121,0.609481218451757,0.944431752443063,"54/54","8/8","62/62",100,"N",NA,"",54,8,0.000555225461216918,0.0345247986540912,22.6980749571109,236,"Y","N",NA,NA
"HILIC_198.0852_189.4","CITRULLINE",15.5610581019572,16.2001138370992,15.6435169064916,1.55730954396596,0.617851825106151,0.944431752443063,"48/54","7/8","55/62",88.7,"N",NA,"",54,8,2.19880615461107e-08,0.175950306081809,75.9311473939878,237,"N","N",NA,NA
"HILIC_232.1543_96.4","Isobutyryl-L-carnitine",23.962601466229,24.2108380527925,23.9946319935275,1.18775442913202,0.619217042632323,0.944431752443063,"54/54","8/8","62/62",100,"N","yes","",54,8,0.537284579937136,0.0391431745404457,11.2211300329634,238,"N","N",NA,NA
"HILIC_232.1543_96.4","Butyrylcarnitine",23.962601466229,24.2108380527925,23.9946319935275,1.18775442913202,0.619217042632323,0.944431752443063,"54/54","8/8","62/62",100,"N","yes","",54,8,0.537284579937136,0.0391431745404457,11.2211300329634,239,"N","N",NA,NA
"HILIC_415.2114_49.2","Tyrosol",27.8606320061872,27.9672064716702,27.8743835501205,1.07666875723537,0.62423164200126,0.944431752443063,"54/54","8/8","62/62",100,"N",NA,"",54,8,7.45512078338613e-05,0.0116678367709783,66.3250931461793,240,"N","N",NA,NA
"C18_175.0247_62.1","D-GLUCURONOLACTONE",15.3583932402634,14.8231022629736,15.2893234367421,0.690019492570562,0.629773401389277,0.944431752443063,"51/54","6/8","57/62",91.9,"N",NA,"",54,8,4.71065971995697e-05,0.136401774638652,16.1782797748429,241,"Y","N",NA,NA
"C18_383.3161_202.3","ERUCIC ACID",16.2829608847478,16.1909076279176,16.2710830451568,0.938186562871731,0.629898248043522,0.944431752443063,"54/54","8/8","62/62",100,"N",NA,"",54,8,0.264792720526128,0.02431053639416,7.07085253047784,242,"N","N",NA,NA
"HILIC_206.0668_20.5","LIPOAMIDE",17.1450867077211,17.0523960816061,17.133126626932,0.937772172295799,0.633583744095741,0.944431752443063,"54/54","8/8","62/62",100,"N",NA,"",54,8,2.64691895608694e-05,0.0190276331427755,14.6511757408081,243,"Y","N",NA,NA
"C18_262.0953_154.1","1-METHYLADENOSINE",18.5178169244379,18.5405806901029,18.5207541845237,1.01590378004313,0.63991820259555,0.944431752443063,"54/54","8/8","62/62",100,"N",NA,"",54,8,0.0444804274876265,0.00732273815893506,7.06967228769859,244,"N","N",NA,NA
"HILIC_339.178_178.8","N(PAI)-METHYL-L-HISTIDINE",14.5553030405731,14.1189886817572,14.4990044136291,0.739020167868124,0.640022847076983,0.944431752443063,"49/54","6/8","55/62",88.7,"N",NA,"",54,8,2.64409916071496e-06,0.122372161370207,80.9997978688728,245,"N","N",NA,NA
"C18_103.0401_55.4","3-HYDROXYBUTANOIC ACID",21.4601470032947,21.7301161238663,21.4949817285298,1.2057820188698,0.644637781338069,0.944431752443063,"54/54","8/8","62/62",100,"N",NA,"",54,8,0.111440388885737,0.0493379132346404,18.2665544343594,246,"Y","N",NA,NA
"HILIC_130.0652_61.3","QUINOLINE",16.2800571999408,15.5892483888864,16.1909205791596,0.619506441733648,0.646401650124301,0.944431752443063,"49/54","7/8","56/62",90.3,"N",NA,"",54,8,5.68875486308605e-07,0.223091269798314,98.8405451385172,247,"N","N",NA,NA
"HILIC_115.0542_50.9","3-Methylindole",16.8403976839261,16.9510199273098,16.854671521782,1.07969381478103,0.647839288920552,0.944431752443063,"54/54","8/8","62/62",100,"N",NA,"",54,8,0.30085373303515,0.0368986870784477,29.4091908743496,248,"N","N",NA,NA
"HILIC_160.0758_154.5","SEROTONIN",16.2078127488483,16.3704995790027,16.2288045979005,1.11936987753115,0.652581228912321,0.944431752443063,"54/54","8/8","62/62",100,"N",NA,"",54,8,0.0029642856125082,0.0568801997176611,18.309834310612,249,"N","N",NA,NA
"C18_182.9886_152.9","2-Oxo-4-methylthiobutanoic acid",20.1484091733555,19.0930345891134,20.0122318076468,0.481172272793913,0.654293181769709,0.944431752443063,"47/54","6/8","53/62",85.5,"N",NA,"",54,8,2.47472828683685e-07,0.226747577468695,43.681996938656,250,"N","N",NA,NA
"HILIC_880.3435_170.9","N-Acetylmuramate",15.2098260395384,15.0914176564057,15.194547538489,0.921203384598654,0.659843919102975,0.944431752443063,"54/54","8/8","62/62",100,"N",NA,"",54,8,0.0909712162679932,0.0304769698841384,44.6895396137105,251,"N","N",NA,NA
"HILIC_286.1437_49.1","Piperine",23.2675999512971,22.7481620628037,23.2005757076206,0.697643600317526,0.663533722449223,0.944431752443063,"51/54","7/8","58/62",93.5,"N",NA,"",54,8,0.000281452106405122,0.102165064083293,19.229326562696,252,"Y","N",NA,NA
"HILIC_191.0401_187.8","L-GLUTAMINE",20.4072620206106,20.3324702779365,20.3976114731688,0.949479171204635,0.66498031938943,0.944431752443063,"54/54","8/8","62/62",100,"N",NA,"",54,8,0.00966596145144365,0.0173459352907004,11.9186089574648,253,"N","N",NA,NA
"HILIC_283.05_152.8","MELANIN",21.515065899365,21.6004011735067,21.5260769024801,1.06093426782553,0.669868761065104,0.944431752443063,"54/54","8/8","62/62",100,"N",NA,"",54,8,5.26841451332662e-06,0.0271209307192997,18.1649087736694,254,"N","N",NA,NA
"HILIC_283.05_152.8","BIOTIN",21.515065899365,21.6004011735067,21.5260769024801,1.06093426782553,0.669868761065104,0.944431752443063,"54/54","8/8","62/62",100,"N",NA,"",54,8,5.26841451332662e-06,0.0271209307192997,18.1649087736694,255,"N","N",NA,NA
"HILIC_186.0761_158","N-ACETYL-D-GLUCOSAMINE",17.2656458540759,17.1565803054114,17.2515728800547,0.927188418791349,0.671107882724364,0.944431752443063,"54/54","8/8","62/62",100,"N","yes","",54,8,0.537207987801633,0.0317104188788093,8.01150345773928,256,"N","N",NA,NA
"HILIC_186.0761_158","N-ACETYL-D-GALACTOSAMINE",17.2656458540759,17.1565803054114,17.2515728800547,0.927188418791349,0.671107882724364,0.944431752443063,"54/54","8/8","62/62",100,"N","yes","",54,8,0.537207987801633,0.0317104188788093,8.01150345773928,257,"N","N",NA,NA
"HILIC_186.0761_158","N-ACETYL-D-MANNOSAMINE",17.2656458540759,17.1565803054114,17.2515728800547,0.927188418791349,0.671107882724364,0.944431752443063,"54/54","8/8","62/62",100,"N","yes","",54,8,0.537207987801633,0.0317104188788093,8.01150345773928,258,"N","N",NA,NA
"HILIC_132.0767_178","N-Methylhydantoin",22.2805930431031,22.0502220870182,22.2508677584469,0.852415684359318,0.671385645499031,0.944431752443063,"54/54","8/8","62/62",100,"N",NA,"",54,8,0.36370433661,0.038399996865584,30.2963727931244,259,"Y","N",NA,NA
"HILIC_130.0499_188.4","Ribothymidine",21.9086263342459,22.0957977795657,21.9327774884807,1.13852932026261,0.672896582294969,0.944431752443063,"54/54","8/8","62/62",100,"N",NA,"",54,8,0.428034397640401,0.0359764491514208,7.25886701767399,260,"N","N",NA,NA
"HILIC_130.0499_188.4","1,2,3-Propanetricarboxylic acid",21.9086263342459,22.0957977795657,21.9327774884807,1.13852932026261,0.672896582294969,0.944431752443063,"54/54","8/8","62/62",100,"N",NA,"",54,8,0.428034397640401,0.0359764491514208,7.25886701767399,261,"N","N",NA,NA
"C18_223.0819_53.6","1,5-Anhydrosorbitol",14.6638762610362,14.2984076063785,14.6167190152739,0.776216682648693,0.673088507180396,0.944431752443063,"51/54","7/8","58/62",93.5,"N",NA,"",54,8,0.12573134443638,0.122205688837899,15.4572445665002,262,"Y","N",NA,NA
"C18_239.0923_151.1","3-Carboxy-4-methyl-5-propyl-2-furanpropionic acid",18.1865400099316,18.440524171841,18.2193121598554,1.19249578088762,0.674656069520052,0.944431752443063,"54/54","8/8","62/62",100,"N",NA,"",54,8,0.00763474561442043,0.0655273033804218,27.2299282161938,263,"N","N",NA,NA
"HILIC_135.0908_122.5","Docosadienoate (22:2n6)",24.1691499631367,24.2060667631174,24.1739134211987,1.02591897902846,0.680379255907893,0.944431752443063,"54/54","8/8","62/62",100,"N",NA,"",54,8,0.0200463486232091,0.00746520980203551,8.29008016842355,264,"N","N",NA,NA
"HILIC_150.0138_189.9","L-SERINE",16.3520441879573,16.2638261663322,16.340661217425,0.940683939603828,0.68156627281661,0.944431752443063,"54/54","8/8","62/62",100,"N",NA,"",54,8,0.0281065232777971,0.037343734333542,11.9201119946432,265,"N","N",NA,NA
"HILIC_146.0922_150.3","4-GUANIDINOBUTANOATE",16.543832787812,16.7163238741215,16.5660897021746,1.12700278942932,0.690929442315472,0.944431752443063,"54/54","8/8","62/62",100,"N",NA,"",54,8,0.617541909217519,0.0644850016239377,12.6110309332566,266,"N","N",NA,NA
"HILIC_132.1019_149.3","Isovalerylcarnitine",24.7802600591519,25.0012776423372,24.8087784569823,1.16555540352875,0.692213559767098,0.944431752443063,"54/54","8/8","62/62",100,"N",NA,"",54,8,0.961553840634633,0.061885848666085,16.5693592990235,267,"Y","N",NA,NA
"HILIC_133.0752_120.6","gamma-CEHC",21.9923865748736,22.025187667128,21.9966189738741,1.0229964170981,0.695080486066933,0.944431752443063,"54/54","8/8","62/62",100,"N",NA,"",54,8,0.00174281650121443,0.00806241357225515,6.83429876265717,268,"N","N",NA,NA
"HILIC_282.1418_49.1","Ureidopropionic acid",20.7909300523902,20.8728286035932,20.8014976073841,1.05840996598336,0.697063137332657,0.944431752443063,"54/54","8/8","62/62",100,"N",NA,"",54,8,0.000107419670047199,0.0150402620296397,78.9721954018638,269,"N","N",NA,NA
"HILIC_295.1179_49.3","N-Methylnicotinamide",21.5757867842236,21.6638079859025,21.5871443586338,1.06291129466484,0.69851451435341,0.944431752443063,"54/54","8/8","62/62",100,"N",NA,"",54,8,5.03635301824808e-05,0.0156115367616492,66.6308102341156,270,"N","N",NA,NA
"HILIC_280.0921_186.4","Glycerophosphocholine",14.1605928725313,14.6657085347404,14.2257690870099,1.41923713320618,0.698734013193848,0.944431752443063,"49/54","7/8","56/62",90.3,"N",NA,"",54,8,2.02897089804421e-05,0.196820142799056,53.4005946664529,271,"N","N",NA,NA
"HILIC_138.055_62.4","ANTHRANILATE",17.9432015886772,17.2747196691371,17.8569458571236,0.629168383502886,0.703865005519617,0.944431752443063,"46/54","6/8","52/62",83.9,"N","yes","",54,8,5.24239996164706e-05,0.218047440583372,26.3975254178712,272,"N","N",NA,NA
"HILIC_138.055_62.4","4-AMINOBENZOATE",17.9432015886772,17.2747196691371,17.8569458571236,0.629168383502886,0.703865005519617,0.944431752443063,"46/54","6/8","52/62",83.9,"N","yes","",54,8,5.24239996164706e-05,0.218047440583372,26.3975254178712,273,"N","N",NA,NA
"HILIC_138.055_62.4","SALICYLAMIDE",17.9432015886772,17.2747196691371,17.8569458571236,0.629168383502886,0.703865005519617,0.944431752443063,"46/54","6/8","52/62",83.9,"N","yes","",54,8,5.24239996164706e-05,0.218047440583372,26.3975254178712,274,"N","N",NA,NA
"HILIC_195.0877_58.7","CAFFEINE",19.2362650408169,18.8294652694153,19.1837747477328,0.754294718050213,0.705255017078378,0.944431752443063,"49/54","7/8","56/62",90.3,"N",NA,"",54,8,0.000258864823608865,0.138003198818877,30.9948665943502,275,"Y","N",NA,NA
"HILIC_147.0766_187.9","N-Methylhydantoin",20.5469195917913,20.721104867969,20.5693951112981,1.12832703203973,0.706900467949483,0.944431752443063,"54/54","8/8","62/62",100,"N",NA,"",54,8,0.563303680206262,0.0389128580448983,5.78290238627798,276,"Y","N",NA,NA
"HILIC_147.0766_187.9","Dihydrothymine",20.5469195917913,20.721104867969,20.5693951112981,1.12832703203973,0.706900467949483,0.944431752443063,"54/54","8/8","62/62",100,"N",NA,"",54,8,0.563303680206262,0.0389128580448983,5.78290238627798,277,"Y","N",NA,NA
"HILIC_147.0766_187.9","N-Methylhydantoin",20.5469195917913,20.721104867969,20.5693951112981,1.12832703203973,0.706900467949483,0.944431752443063,"54/54","8/8","62/62",100,"N",NA,"",54,8,0.563303680206262,0.0389128580448983,5.78290238627798,278,"Y","N",NA,NA
"C18_147.0664_58.1","(RS)-MEVALONIC ACID LITHIUM SALT",16.6569504839918,16.7258002038021,16.665834318806,1.04888006393952,0.708850944147079,0.944431752443063,"54/54","8/8","62/62",100,"N",NA,"",54,8,0.0547418992902729,0.0265674896303326,11.4522709882065,279,"N","N",NA,NA
"HILIC_136.0869_146.9","N-Acetylhistamine",15.9829787477319,15.7756647075921,15.9562285490042,0.8661482961493,0.71601150815403,0.944431752443063,"52/54","8/8","60/62",96.8,"N",NA,"",54,8,9.3820884065967e-08,0.124099352642739,78.7582347983562,280,"N","N",NA,NA
"C18_153.0194_58.2","2,3-DIHYDROXYBENZOATE",14.5132478618705,14.6206388249822,14.5271047603365,1.07727827364259,0.717138566169369,0.944431752443063,"54/54","8/8","62/62",100,"N",NA,"",54,8,0.0022648878971992,0.0813671872970942,55.3816115222709,281,"Y","N",NA,NA
"C18_283.264_243.6","STEARATE",24.9237231354944,24.9602347392163,24.9284343101682,1.02563087922272,0.721661597626772,0.944431752443063,"54/54","8/8","62/62",100,"N",NA,"",54,8,0.462596873924946,0.00953103663037511,14.4200444780986,282,"Y","N",NA,NA
"C18_115.0765_153.3","Isocaproic acid",17.4255004150847,17.3925177202825,17.4212445834973,0.977397490271383,0.722638671652816,0.944431752443063,"54/54","8/8","62/62",100,"N",NA,"",54,8,0.000511077442574908,0.0203555882994368,30.2919462875767,283,"Y","N",NA,NA
"HILIC_219.0829_196.5","L-ARGININE",13.7634254559306,13.3688131853423,13.7125077435966,0.760693788306028,0.723834554792129,0.944431752443063,"50/54","7/8","57/62",91.9,"N",NA,"",54,8,5.23687601731107e-09,0.16816069918747,121.373636206498,284,"N","N",NA,NA
"HILIC_287.2046_79.1","Deoxycholic acid glycine conjugate",21.4967994511644,21.5636770687128,21.5054288211706,1.04744726937286,0.733695862991504,0.950735216086409,"54/54","8/8","62/62",100,"N","yes","",54,8,0.473693891503876,0.0302024151061757,9.66671329781833,285,"N","N",NA,NA
"HILIC_287.2046_79.1","Chenodeoxycholic acid glycine conjugate",21.4967994511644,21.5636770687128,21.5054288211706,1.04744726937286,0.733695862991504,0.950735216086409,"54/54","8/8","62/62",100,"N","yes","",54,8,0.473693891503876,0.0302024151061757,9.66671329781833,286,"N","N",NA,NA
"C18_138.0197_154.9","6-HYDROXYNICOTINATE",18.7492528056323,18.7619700566965,18.7508937412535,1.00885389259584,0.735605349672696,0.950735216086409,"54/54","8/8","62/62",100,"N",NA,"",54,8,0.802255733904197,0.00478041819970542,24.1421981941628,287,"Y","N",NA,NA
"C18_413.1976_176","Tyrosol",16.8131853834206,16.7087649524517,16.7997117794246,0.93017854506645,0.743483513865995,0.956406022531843,"54/54","8/8","62/62",100,"N",NA,"",54,8,0.0164130427579639,0.0326487455998969,17.0234701790482,288,"N","N",NA,NA
"HILIC_121.0648_105.8","TYRAMINE",17.0523516838678,17.1389127140595,17.0635208490538,1.06183605175484,0.749854703201018,0.960094339612518,"54/54","8/8","62/62",100,"N",NA,"",54,8,0.00184851970280539,0.0476801389608854,16.8435917302131,289,"Y","N",NA,NA
"HILIC_286.2013_79.9","1,11-Undecanedicarboxylate",24.1406257621949,24.1992224515629,24.1481866253392,1.0414522465562,0.773691225537305,0.986006492080101,"54/54","8/8","62/62",100,"N",NA,"",54,8,0.531769975296866,0.0268662647243602,8.74626499546323,290,"N","N",NA,NA
"C18_163.0401_58.3","4-COUMARATE",16.7257584043846,16.7721207322308,16.7317406402357,1.03265785134967,0.786630105088381,0.991439691358016,"54/54","8/8","62/62",100,"N",NA,"",54,8,0.932546337243829,0.0198601650140333,16.0555154624019,291,"Y","N",NA,NA
"HILIC_129.0659_180.8","Dihydrothymine",20.5890564291131,20.4148069594218,20.5665726265723,0.88622844001996,0.789644612774479,0.991439691358016,"54/54","8/8","62/62",100,"N",NA,"",54,8,0.0383174606816136,0.0647056900223361,26.2761233688904,292,"Y","N",NA,NA
"C18_184.0729_48.9","5-METHYLCYTOSINE HYDROCLORIDE",19.6266001311548,19.5777403142897,19.620295638656,0.966700024369446,0.790626213646722,0.991439691358016,"54/54","8/8","62/62",100,"N",NA,"",54,8,0.098283777295095,0.0168003576125514,15.8409951801741,293,"Y","N",NA,NA
"C18_311.2952_281.6","ARACHIDIC ACID",18.7683123048053,18.8181501628791,18.7747429961697,1.0351485787984,0.795560881057196,0.991439691358016,"54/54","8/8","62/62",100,"N",NA,"",54,8,0.159712897388078,0.0262311379331263,10.6863839460214,294,"N","N",NA,NA
"HILIC_141.0664_160.2","Methylimidazoleacetic acid",20.410315270146,20.5509207486067,20.428457912528,1.10236766673945,0.796046467513736,0.991439691358016,"54/54","8/8","62/62",100,"N","yes -but different time","",54,8,0.953072109878233,0.0564938962891563,14.3641113092394,295,"Y","N",NA,NA
"HILIC_141.0664_160.2","Imidazolepropionic acid",20.410315270146,20.5509207486067,20.428457912528,1.10236766673945,0.796046467513736,0.991439691358016,"54/54","8/8","62/62",100,"N","yes -but different time","",54,8,0.953072109878233,0.0564938962891563,14.3641113092394,296,"Y","N",NA,NA
"HILIC_233.0408_153.4","HOMOCYSTINE",13.9943095182839,13.8421783489376,13.9746796899811,0.899920105641505,0.807255421959792,0.995245102529743,"48/54","7/8","55/62",88.7,"N",NA,"",54,8,3.21822082375295e-10,0.107843272929788,169.615436780817,297,"Y","N",NA,NA
"C18_206.0821_59.3","N-ACETYL-L-PHENYLALANINE",14.3201773461934,14.1524611180737,14.2985365425651,0.890250824522288,0.810382303420758,0.995245102529743,"54/54","8/8","62/62",100,"N",NA,"",54,8,0.0248258703473126,0.0774939828451091,40.763559571842,298,"Y","N",NA,NA
"HILIC_87.0441_73.3","4-AMINOBUTANOATE",16.3119350896211,16.0439530793213,16.2773567657114,0.830480379709696,0.813623449728184,0.995245102529743,"50/54","7/8","57/62",91.9,"N",NA,"",54,8,1.02842379196643e-09,0.140662747644159,111.726559810653,299,"Y","N",NA,NA
"HILIC_123.0553_147.4","Imidazolepropionic acid",20.5742159363825,20.6999817475444,20.5904437829841,1.09108674947703,0.820769495984349,0.995245102529743,"51/54","8/8","59/62",95.2,"N",NA,"",54,8,4.68585684470029e-11,0.0925206403202004,75.3890916949453,300,"Y","N",NA,NA
"HILIC_209.1536_47.6","1,11-Undecanedicarboxylate",18.5912905948279,18.6641483525472,18.6006915958239,1.05179807223322,0.823312353999316,0.995245102529743,"54/54","8/8","62/62",100,"N",NA,"",54,8,0.0884628173293885,0.0604648657635415,27.5961091768206,301,"N","N",NA,NA
"C18_407.2083_151.3","CORTISOL",18.5918964741775,18.801204398733,18.6189039483137,1.1561334419194,0.828061098825293,0.995245102529743,"54/54","8/8","62/62",100,"N",NA,"",54,8,3.93460472745094e-06,0.0690104338815288,86.5728838921705,302,"N","N",NA,NA
"C18_182.0457_128.9","4-AMINOBENZOATE",18.0672508956062,18.1030714655929,18.0718729046367,1.02513973188801,0.830110454616738,0.995245102529743,"54/54","8/8","62/62",100,"N","yes","",54,8,0.325527440888226,0.0151829735692438,20.1817545985682,303,"Y","N",NA,NA
"C18_182.0457_128.9","ANTHRANILATE",18.0672508956062,18.1030714655929,18.0718729046367,1.02513973188801,0.830110454616738,0.995245102529743,"54/54","8/8","62/62",100,"N","yes","",54,8,0.325527440888226,0.0151829735692438,20.1817545985682,304,"Y","N",NA,NA
"C18_182.0457_128.9","SALICYLAMIDE",18.0672508956062,18.1030714655929,18.0718729046367,1.02513973188801,0.830110454616738,0.995245102529743,"54/54","8/8","62/62",100,"N","yes","",54,8,0.325527440888226,0.0151829735692438,20.1817545985682,305,"Y","N",NA,NA
"HILIC_115.0503_100.7","3-UREIDOPROPIONATE",15.7302167878308,15.6703823595453,15.7224962164391,0.959374216133451,0.83515463707186,0.995245102529743,"54/54","8/8","62/62",100,"N",NA,"",54,8,0.61458179114696,0.0441765667783214,20.5963704554227,306,"N","N",NA,NA
"C18_293.0874_58.9","CARNOSINE",15.9794347562575,15.9282578847473,15.9728312889659,0.965148692329783,0.840074759960213,0.995245102529743,"52/54","8/8","60/62",96.8,"N",NA,"",54,8,2.30872500230857e-06,0.054419819046647,63.2938228753109,307,"N","N",NA,NA
"HILIC_140.0342_94.5","6-HYDROXYNICOTINATE",14.8554485006431,14.7886905232376,14.8468345680746,0.954781172197028,0.844995651542529,0.995245102529743,"54/54","8/8","62/62",100,"N",NA,"",54,8,0.00105377597407824,0.0787591352479667,34.2293957946572,308,"Y","N",NA,NA
"HILIC_177.1022_145","SEROTONIN",15.7810795456497,15.73571550321,15.7752261208187,0.969045262054369,0.845133449228241,0.995245102529743,"54/54","8/8","62/62",100,"N",NA,"",54,8,0.601305835358724,0.0324228680525231,24.1276148715407,309,"Y","N",NA,NA
"HILIC_203.0526_171.9","chiro-Inositol",22.5077073693562,22.5414119990616,22.5120563538343,1.02363730450089,0.846754660885227,0.995245102529743,"54/54","8/8","62/62",100,"N",NA,"",54,8,0.977804998957241,0.0208907645458212,15.9731059190779,310,"N","N",NA,NA
"HILIC_126.1026_182.1","1-Methylhistamine",17.2659338971836,17.3201937545759,17.2729351691052,1.03832627642635,0.848082271418456,0.995245102529743,"54/54","8/8","62/62",100,"N",NA,"",54,8,0.000168241445299905,0.0357544265647201,8.550723688807,311,"N","N",NA,NA
"HILIC_148.0757_51","3-METHYL-2-OXINDOLE",18.8029467553929,18.9059702102175,18.8162401044025,1.0740219325461,0.861656379056354,0.995245102529743,"51/54","7/8","58/62",93.5,"N",NA,"",54,8,0.00559601395012233,0.0705874263633596,25.0147164338098,312,"N","N",NA,NA
"C18_335.2353_193.5","12-Hydroxystearic acid",16.5121663960173,16.5540681188852,16.5175730699357,1.02946995301991,0.863003959095465,0.995245102529743,"54/54","8/8","62/62",100,"N",NA,"",54,8,0.322836088668787,0.0323184924334817,18.2486429457995,313,"N","N",NA,NA
"C18_231.088_54.2","Levulinic acid",16.5064525731662,16.5516995124713,16.5122908879152,1.03185978275861,0.865839635509216,0.995245102529743,"54/54","8/8","62/62",100,"N",NA,"",54,8,4.3943349156483e-05,0.0428704893888943,74.5727146327785,314,"N","N",NA,NA
"C18_277.0593_58.3","THYMIDINE",15.8887234402582,15.8414061322675,15.8826179811627,0.967734158932092,0.872347471398904,0.995245102529743,"54/54","8/8","62/62",100,"N",NA,"",54,8,0.0161679219013783,0.0328156714892067,32.2123031789113,315,"Y","N",NA,NA
"HILIC_123.0441_169","BENZOATE",20.0695639915656,20.1043487391415,20.0740523460916,1.02440396890766,0.877283977457911,0.995245102529743,"54/54","8/8","62/62",100,"N",NA,"",54,8,0.833252401150186,0.0217773013297992,11.1893712785678,316,"N","N",NA,NA
"C18_411.3475_211.7","NERVONIC ACID",16.8460585562336,16.828252544141,16.8437610062861,0.987733665329693,0.879497961221015,0.995245102529743,"54/54","8/8","62/62",100,"N",NA,"",54,8,0.20073367249858,0.0177345955039866,42.3178193319671,317,"N","N",NA,NA
"HILIC_191.0766_197.3","L-LYSINE",14.1420101268633,14.2812597864189,14.1599778248705,1.10133216803988,0.88070491218552,0.995245102529743,"52/54","8/8","60/62",96.8,"N",NA,"",54,8,0.000303099036617686,0.166999716431896,16.0736554077543,318,"N","N",NA,NA
"HILIC_241.1294_187","L-ANSERINE",14.9053545722087,14.813189420845,14.8934622946134,0.938113800524992,0.883103712571173,0.995245102529743,"48/54","7/8","55/62",88.7,"N",NA,"",54,8,0.00273891640011232,0.120397676727942,17.8690444122862,319,"Y","N",NA,NA
"C18_483.151_146.8","CYTIDINE",19.4977084519899,19.5155801525176,19.5000144778645,1.01246476443253,0.885725523087129,0.995245102529743,"54/54","8/8","62/62",100,"N",NA,"",54,8,0.025233549585623,0.0126382941193856,14.0535422813947,320,"N","N",NA,NA
"HILIC_336.0531_152.9","5'-METHYLTHIOADENOSINE",21.3309954483997,21.3571974892756,21.3343763568998,1.01832780054236,0.887899637462021,0.995245102529743,"54/54","8/8","62/62",100,"N",NA,"",54,8,1.52347340823814e-05,0.0254282149506581,24.9082102049745,321,"N","N",NA,NA
"C18_391.2619_214.2","1-OLEOYL-RAC-GLYCEROL",19.3265467787439,19.4158057260487,19.3380640622671,1.06382359996051,0.889717332053683,0.995245102529743,"54/54","8/8","62/62",100,"N",NA,"",54,8,0.00643996109260377,0.0690334852648125,41.366473541559,322,"N","N",NA,NA
"HILIC_174.0551_156.6","5-HYDROXYINDOLEACETATE",15.0316280531694,15.2510080152653,15.0599351450528,1.16423311770311,0.896589495702938,0.995245102529743,"48/54","7/8","55/62",88.7,"N",NA,"",54,8,8.84153787330118e-08,0.258046634016578,91.9040190690301,323,"N","N",NA,NA
"HILIC_190.0499_137.2","Kynurenic acid",15.6742012347982,15.8261212656358,15.6938038194224,1.11104714116132,0.900526367387349,0.995245102529743,"44/54","7/8","51/62",82.3,"N",NA,"",54,8,3.5262451991304e-06,0.177582383966626,71.0935614112742,324,"Y","N",NA,NA
"HILIC_202.0863_56.8","N-ACETYLSEROTONIN",16.4297593593124,16.2921568669072,16.412004199002,0.909028547735038,0.902946613979921,0.995245102529743,"51/54","7/8","58/62",93.5,"N",NA,"",54,8,1.96015420483871e-08,0.136037303641947,101.386801633652,325,"Y","N",NA,NA
"C18_224.0773_84","D-(+)-GLUCOSAMINE",16.9328064217564,16.9011079121642,16.9287162914864,0.978267887797227,0.903975020046625,0.995245102529743,"54/54","8/8","62/62",100,"N","yes","",54,8,5.66657946642912e-06,0.0590850903107239,22.7138522725499,326,"Y","N",NA,NA
"C18_224.0773_84","D-MANNOSAMINE",16.9328064217564,16.9011079121642,16.9287162914864,0.978267887797227,0.903975020046625,0.995245102529743,"54/54","8/8","62/62",100,"N","yes","",54,8,5.66657946642912e-06,0.0590850903107239,22.7138522725499,327,"Y","N",NA,NA
"HILIC_244.0791_160.5","N-ACETYL-D-GLUCOSAMINE",18.4296322300091,18.3926724720819,18.4248632289862,0.974706818671781,0.913388653596176,0.995245102529743,"54/54","8/8","62/62",100,"N","yes","",54,8,0.000623691103082793,0.0405459610062703,12.800179050485,328,"N","N",NA,NA
"HILIC_244.0791_160.5","N-ACETYL-D-GALACTOSAMINE",18.4296322300091,18.3926724720819,18.4248632289862,0.974706818671781,0.913388653596176,0.995245102529743,"54/54","8/8","62/62",100,"N","yes","",54,8,0.000623691103082793,0.0405459610062703,12.800179050485,329,"N","N",NA,NA
"HILIC_244.0791_160.5","N-ACETYL-D-MANNOSAMINE",18.4296322300091,18.3926724720819,18.4248632289862,0.974706818671781,0.913388653596176,0.995245102529743,"54/54","8/8","62/62",100,"N","yes","",54,8,0.000623691103082793,0.0405459610062703,12.800179050485,330,"N","N",NA,NA
"HILIC_126.0662_141.4","5-METHYLCYTOSINE HYDROCLORIDE",18.4551266676735,18.4835808354135,18.4587981731884,1.0199187080645,0.917396130194318,0.995245102529743,"54/54","8/8","62/62",100,"N",NA,"",54,8,0.0979336946017279,0.0251025083112187,49.8465673037893,331,"N","N",NA,NA
"C18_225.0615_49.2","Ribonic acid",22.2348899541352,22.2122234721166,22.231965246778,0.98441156909201,0.919426976982472,0.995245102529743,"54/54","8/8","62/62",100,"N","yes","",54,8,0.70544777116605,0.022717966662785,10.1523103208332,332,"N","N",NA,NA
"C18_225.0615_49.2","chiro-Inositol",22.2348899541352,22.2122234721166,22.231965246778,0.98441156909201,0.919426976982472,0.995245102529743,"54/54","8/8","62/62",100,"N","yes","",54,8,0.70544777116605,0.022717966662785,10.1523103208332,333,"N","N",NA,NA
"HILIC_133.0648_49.3","Hydrocinnamic acid",19.0839286548117,19.1016476501163,19.0862149767864,1.01235760354882,0.920299259181951,0.995245102529743,"54/54","8/8","62/62",100,"N",NA,"",54,8,0.0041955393983965,0.016291432019207,30.8341731525691,334,"Y","N",NA,NA
"C18_165.0409_187.8","GLYCOLALDEHYDE DIMER",22.1644056175731,22.1319792419213,22.1602215691019,0.977774458221227,0.92117873896365,0.995245102529743,"54/54","8/8","62/62",100,"N",NA,"",54,8,0.117421465405986,0.0290864010477772,10.8355648842253,335,"Y","N",NA,NA
"C18_165.0409_187.8","GLYCERATE",22.1644056175731,22.1319792419213,22.1602215691019,0.977774458221227,0.92117873896365,0.995245102529743,"54/54","8/8","62/62",100,"N","yes","",54,8,0.117421465405986,0.0290864010477772,10.8355648842253,336,"Y","N",NA,NA
"C18_165.0409_187.8","D-GLYCERIC ACID",22.1644056175731,22.1319792419213,22.1602215691019,0.977774458221227,0.92117873896365,0.995245102529743,"54/54","8/8","62/62",100,"N","yes","",54,8,0.117421465405986,0.0290864010477772,10.8355648842253,337,"Y","N",NA,NA
"C18_377.085_54.5","SUCROSE",15.233991229174,15.179329907295,15.2269381553831,0.962820442316464,0.922599474607864,0.995245102529743,"54/54","8/8","62/62",100,"N","yes","",54,8,0.24101323066822,0.0686401168309857,18.9810386647834,338,"N","N",NA,NA
"C18_377.085_54.5","MELIBIOSE",15.233991229174,15.179329907295,15.2269381553831,0.962820442316464,0.922599474607864,0.995245102529743,"54/54","8/8","62/62",100,"N","yes","",54,8,0.24101323066822,0.0686401168309857,18.9810386647834,339,"N","N",NA,NA
"C18_377.085_54.5","MALTOSE",15.233991229174,15.179329907295,15.2269381553831,0.962820442316464,0.922599474607864,0.995245102529743,"54/54","8/8","62/62",100,"N","yes","",54,8,0.24101323066822,0.0686401168309857,18.9810386647834,340,"N","N",NA,NA
"C18_377.085_54.5","D-(+)-CELLOBIOSE",15.233991229174,15.179329907295,15.2269381553831,0.962820442316464,0.922599474607864,0.995245102529743,"54/54","8/8","62/62",100,"N","yes","",54,8,0.24101323066822,0.0686401168309857,18.9810386647834,341,"N","N",NA,NA
"C18_377.085_54.5","PALATINOSE",15.233991229174,15.179329907295,15.2269381553831,0.962820442316464,0.922599474607864,0.995245102529743,"54/54","8/8","62/62",100,"N","yes","",54,8,0.24101323066822,0.0686401168309857,18.9810386647834,342,"N","N",NA,NA
"C18_210.0699_53.7","Ergothioneine",15.8078930531,15.7548887099275,15.8010537830132,0.963926905875069,0.936022500835929,0.995332055449078,"51/54","7/8","58/62",93.5,"N",NA,"",54,8,0.000186790015603723,0.0769606084948166,22.5180381168699,343,"N","N",NA,NA
"C18_179.056_50.1","chiro-Inositol",22.629238043186,22.6127184424475,22.6271064818004,0.988614792960975,0.939954204906081,0.995332055449078,"54/54","8/8","62/62",100,"N",NA,"",54,8,0.564224536402294,0.0215188000984831,13.1141969293116,344,"Y","N",NA,NA
"HILIC_156.0767_197.5","N-Methylhydantoin",20.3149438319509,20.291238374096,20.3118850631954,0.983702887348104,0.941801449051376,0.995332055449078,"54/54","8/8","62/62",100,"N",NA,"",54,8,0.839815904996073,0.0385457379756743,10.5476490155469,345,"Y","N",NA,NA
"HILIC_156.0767_197.5","N-Acetylmuramate",20.3149438319509,20.291238374096,20.3118850631954,0.983702887348104,0.941801449051376,0.995332055449078,"54/54","8/8","62/62",100,"N",NA,"",54,8,0.839815904996073,0.0385457379756743,10.5476490155469,346,"Y","N",NA,NA
"HILIC_231.0438_153.5","INDOXYL SULFATE",14.0415364103609,14.0069234006498,14.0370702155594,0.976293607851527,0.946988131992742,0.995332055449078,"47/54","8/8","55/62",88.7,"N",NA,"",54,8,1.0272666001976e-07,0.154312796386129,85.2765200294979,347,"N","N",NA,NA
"C18_214.0342_58.5","O-ACETYL-L-SERINE",13.8255280254752,13.8788977586053,13.8324144426533,1.0376858400754,0.948745054852176,0.995332055449078,"45/54","7/8","52/62",83.9,"N",NA,"",54,8,8.62737208893043e-08,0.159145294608678,98.6731970551141,348,"N","N",NA,NA
"HILIC_432.3109_69","Deoxycholic acid glycine conjugate",18.191812236434,18.0860674700433,18.1781677504481,0.929325070748376,0.950399963852633,0.995332055449078,"45/54","6/8","51/62",82.3,"N",NA,"",54,8,9.07616345530241e-07,0.197208827020357,59.2608399319267,349,"N","N",NA,NA
"C18_243.1963_188.7","3-Hydroxytetradecanoic acid",19.5215078612431,19.5162541610053,19.5208299644382,0.996365035031182,0.954139115676303,0.995332055449078,"54/54","8/8","62/62",100,"N",NA,"",54,8,0.45169121636224,0.0118491039920408,26.961974912969,350,"Y","N",NA,NA
"HILIC_143.0815_172.1","Ectoine",17.4414079503608,17.3738595190253,17.4326920237368,0.954258190005388,0.959602778904315,0.995332055449078,"51/54","7/8","58/62",93.5,"N",NA,"",54,8,2.07594265822261e-07,0.145937996536599,97.139308769885,351,"Y","N",NA,NA
"C18_215.0327_50.5","chiro-Inositol",22.2429213038054,22.2318985795394,22.2414990168033,0.992388743188705,0.95986793833886,0.995332055449078,"54/54","8/8","62/62",100,"N",NA,"",54,8,0.647364849908126,0.0217566655410804,22.1230141533426,352,"N","N",NA,NA
"HILIC_146.1176_136.8","2-Aminoheptanoate",23.517863744866,23.5341994908723,23.5199715830604,1.01138742496051,0.961336447829559,0.995332055449078,"54/54","8/8","62/62",100,"N",NA,"",54,8,0.340173722696739,0.0325259046611885,14.7940347133569,353,"Y","N",NA,NA
"C18_375.1302_134.7","RIBOFLAVIN",15.3368700447289,15.3228046673611,15.3350551573266,0.990297994435445,0.966072576341915,0.995332055449078,"52/54","8/8","60/62",96.8,"N",NA,"",54,8,6.98122995940152e-05,0.0551927178637187,40.2736092109683,354,"N","N",NA,NA
"HILIC_127.0502_147.4","THYMINE",15.2226003373321,15.2351649327383,15.224221575449,1.00874714854887,0.966271265508959,0.995332055449078,"54/54","8/8","62/62",100,"N","yes","",54,8,9.60831327146107e-12,0.0843288119082639,192.618839085823,355,"Y","N",NA,NA
"HILIC_127.0502_147.4","4-IMIDAZOLEACETIC ACID",15.2226003373321,15.2351649327383,15.224221575449,1.00874714854887,0.966271265508959,0.995332055449078,"54/54","8/8","62/62",100,"N","yes","",54,8,9.60831327146107e-12,0.0843288119082639,192.618839085823,356,"Y","N",NA,NA
"C18_341.2692_182.9","PETROSELINIC ACID",17.5168253629235,17.5094740113679,17.5158768014324,0.994917391782763,0.969986322325095,0.995416675344854,"54/54","8/8","62/62",100,"N",NA,"",54,8,0.0123903939392037,0.0368036268816105,14.8221020282661,357,"N","N",NA,NA
"HILIC_183.0782_168.8","CAPRYLIC ACID",22.7519571678045,22.7594719295729,22.7529268144843,1.00522242550327,0.974911178258908,0.995886695277086,"54/54","8/8","62/62",100,"N",NA,"",54,8,0.906604189842339,0.0193171508742052,7.69301783720677,358,"N","N",NA,NA
"HILIC_226.1802_50.2","Lithocholic acid glycine conjugate",19.5408173814683,19.531393171591,19.5396013543873,0.993488925005421,0.977713580399767,0.995886695277086,"54/54","8/8","62/62",100,"N",NA,"",54,8,1.36627014958973e-09,0.0871004161259204,161.794132526289,359,"N","N",NA,NA
"HILIC_151.0389_207.2","4-HYDROXY-L-PHENYLGLYCINE",15.3486713645536,15.3533359202912,15.3492732427133,1.00323845616347,0.982136924398092,0.996687101055841,"54/54","8/8","62/62",100,"N",NA,"",54,8,0.014991457687097,0.0216418400433275,34.8587555594002,360,"Y","N",NA,NA
"C18_448.3064_150.5","Chenodeoxycholic acid glycine conjugate",19.2291625450019,19.2097814131987,19.2266617538015,0.986655856279694,0.988744777505576,0.997385120475576,"45/54","6/8","51/62",82.3,"N",NA,"",54,8,0.000600238057615995,0.139553572248123,14.8401620619187,361,"Y","N",NA,NA
"C18_131.0351_49.4","GLUTARATE",18.5253224712875,18.5227190636439,18.5249865477206,0.99819708254373,0.990179246976421,0.997385120475576,"54/54","8/8","62/62",100,"N",NA,"",54,8,0.170800096275716,0.0228930370965223,7.66392454209211,362,"N","N",NA,NA
"C18_357.108_166.1","THEOPHYLLINE",14.9951480675872,14.9975056615922,14.9954522732652,1.00163549560401,0.993745028795008,0.997385120475576,"54/54","8/8","62/62",100,"N","yes","",54,8,2.44567611653088e-09,0.0768697736069767,92.4339068922932,363,"Y","N",NA,NA
"C18_357.108_166.1","PARAXANTHINE",14.9951480675872,14.9975056615922,14.9954522732652,1.00163549560401,0.993745028795008,0.997385120475576,"54/54","8/8","62/62",100,"N","yes","",54,8,2.44567611653088e-09,0.0768697736069767,92.4339068922932,364,"Y","N",NA,NA
"C18_357.108_166.1","THEOBROMINE",14.9951480675872,14.9975056615922,14.9954522732652,1.00163549560401,0.993745028795008,0.997385120475576,"54/54","8/8","62/62",100,"N","yes","",54,8,2.44567611653088e-09,0.0768697736069767,92.4339068922932,365,"Y","N",NA,NA
"C18_134.0473_58.5","ADENINE",16.4284390421772,16.4285035316879,16.4284473634044,1.00004470172161,0.999812482305796,0.999812482305796,"54/54","8/8","62/62",100,"N",NA,"",54,8,4.9902052208039e-08,0.0444583748144528,46.0671956081459,366,"Y","N",NA,NA
